,,Código,, Descrição,NCM,,ICMS,,Unid.,,QTD.,,Vlr Unit.,,,Vlr.Total
,85672,, 20 BI 335MG 5CAP,,,21069030,,Subs. Trib,,UN,,1,,60.95,60.95,
,21778,, A SAUDE DA MULHER 20DRG,,,30049099,,Subs. Trib,,UN,,1,,19.23,19.23,
,51482,, AAS 100MG 30CP,,,30049024,,Subs. Trib,,UN,,1,,22.97,22.97,
,51562,, AAS PROTECT 100MG 30CP REV L.E,,,30049024,,Subs. Trib,,UN,,3,,18.77,56.31,
,85288,, ABIDOR BABY 100MG/ML LIQ 15ML,,,30049045,,Subs. Trib,,UN,,17,,7.23,122.91,
,87606,, ABIDOR CRI 32MG/ML LIQ 60ML,,,30049099,,Subs. Trib,,UN,,1,,19.22,19.22,
,34983,," ABLOK PLUS 25MG+12,5MG 30CP",,,30049042,,Subs. Trib,,UN,,2,,20.17,40.34,
,34982,," ABLOK PLUS 50MG+12,5MG 30CP",,,30049042,,Subs. Trib,,UN,,1,,30.97,30.97,
,78907,, ACEBROFILINA XPE AD 120ML,,,30049099,,Subs. Trib,,UN,,4,,9.81,39.24,
,32896,, ACEBROFILINA XPE PED 120ML,,,30049039,,Subs. Trib,,UN,,4,,6.79,27.16,
,54807,, ACECLOFENACO 100MG 12CP REV,,,30049099,,Subs. Trib,,UN,,8,,5.53,44.24,
,84009,, ACECLOFENACO 100MG 12CP REV,,,30049099,,Subs. Trib,,UN,,1,,4.91,4.91,
,16307,, ACERATUM 100MG/ML SOL OTOL 10,,,30049099,,Subs. Trib,,UN,,1,,12.13,12.13,
,57516,, ACETILCISTEINA 100MG 16ENV GR,,,30049059,,Subs. Trib,,UN,,2,,14.23,28.46,
,57548,, ACETILCISTEINA 200MG 16ENV GR,,,30049059,,Subs. Trib,,UN,,2,,18.06,36.12,
,16541,, ACFOL 5MG/ML GTS 10ML,,,30049099,,Subs. Trib,,UN,,3,,10.95,32.85,
,42088,, ACHEFLAN 5MG/G AER 75ML,,,30049099,,Subs. Trib,,UN,,2,,71.69,143.38,
,57521,, ACICLOVIR 200MG 30CP,,,30049069,,Subs. Trib,,UN,,1,,11.67,11.67,
,86477,, ACICLOVIR 400MG 30CP,,,30049099,,Subs. Trib,,UN,,3,,37.14,111.42,
,30699,, ACICLOVIR 50MG/G CR DERM 10G,,,30049069,,Subs. Trib,,UN,,6,,4.4,26.4,
,20531,, ACIDO ACETILSAL 100MG 30CP,,,30049099,,Subs. Trib,,UN,,2,,6.28,12.56,
,38524,, ACIDO MEFENAMICO 500MG 12CP,,,30049099,,Subs. Trib,,UN,,2,,8.32,16.64,
,38540,, ACIDO MEFENAMICO 500MG 24CP,,,30049099,,Subs. Trib,,UN,,2,,12.24,24.48,
,17739,, ACIDO TRANEXAM 250MG 12CP,,,30049099,,Subs. Trib,,UN,,2,,45.31,90.62,
,40565,, ACNEZIL 5% GEL 20G,,,30049029,,Subs. Trib,,UN,,2,,12.56,25.12,
,76802,, ACU FRESH 5MG/ML COL 10ML,,,30049099,,Subs. Trib,,UN,,1,,10.97,10.97,
,87193,, ACU FRESH G 5MG+9MG/ML COL 15M,,,30049099,,Subs. Trib,,UN,,3,,11.99,35.97,
,41732,, AD-TIL GTS 20ML,,,30045040,,Subs. Trib,,UN,,3,,17.45,52.35,
,88179,, ADDERA D3 400UI GTS 10ML,,,30045050,,Subs. Trib,,UN,,1,,105.5,105.5,
,85183,, ADEFORTE AMP ORAL 3ML,,,21069030,,Subs. Trib,,UN,,2,,24,48,
,42362,, ADIPEPT 20MG 28CP REV,,,30049099,,Subs. Trib,,UN,,1,,45.15,45.15,
,42365,, ADIPEPT 40MG 28CP REV,,,30049099,,Subs. Trib,,UN,,1,,44.9,44.9,
,34746,, ADVANSEPT 1% SPR DERM 30ML,,,30049047,,Subs. Trib,,UN,,2,,6.33,12.66,
,84368,, ADVANTAN 1MG/G CR DERM 15G,,,30049099,,Subs. Trib,,UN,,1,,70.35,70.35,
,86338,, ADVIL 400MG ENV 3CAP LIQ,,,30049099,,Subs. Trib,,UN,,9,,3.33,29.97,
,87228,, ADVITIL BABY LIM GTS 20ML,,,21069030,,Subs. Trib,,UN,,2,,14.29,28.58,
,30904,, AERODINI 100MCG SPR 200DOS,,,30049039,,Subs. Trib,,UN,,5,,14.36,71.8,
,35848,, AEROLIN 100MCG/DO SPR 200DOS,,,30049039,,Subs. Trib,,UN,,1,,19.62,19.62,
,88120,," AFOLIMAX 0,2MG/ML GTS 30ML",,,21069030,,Subs. Trib,,UN,,2,,13.54,27.08,
,86714,, AFTIKE SPR BUCAL 30ML,,,30049099,,Subs. Trib,,UN,,3,,16.48,49.44,
,87011,, AGUA INGLESA QUINA LIQ 430ML,,,21069030,,Subs. Trib,,UN,,2,,11.89,23.78,
,85194,, ALBEL 400MG 1CP MAST,,,30049099,,Subs. Trib,,UN,,10,,1.77,17.7,
,85558,, ALBEL 400MG 3CP MAST,,,30049099,,Subs. Trib,,UN,,1,,4.45,4.45,
,57462,, ALBENDAZOL 400MG 1CP MAST,,,30049063,,Subs. Trib,,UN,,14,,1.61,22.54,
,78373,, ALBENDAZOL 400MG 5CP MAST,,,30049063,,Subs. Trib,,UN,,8,,6.1,48.8,
,57416,, ALBENDAZOL 40MG/ML LIQ 10ML,,,30049063,,Subs. Trib,,UN,,35,,2.49,87.15,
,41584,, ALBOCRESIL 18MG/ML GEL GIN 50G,,,30049099,,Subs. Trib,,UN,,1,,21.62,21.62,
,41585,, ALBOCRESIL 90MG/G 6OVUL VAG,,,30049099,,Subs. Trib,,UN,,1,,13.86,13.86,
,87073,," ALEKTOS PED 2,5MG/ML XPE 120ML",,,30049099,,Subs. Trib,,UN,,1,,73.1,73.1,
,84016,, ALENDRONATO SOD 70MG 4CP,,,30049099,,Subs. Trib,,UN,,4,,1.36,5.44,
,21419,, ALERADINA 5MG 10CP REV,,,30049099,,Subs. Trib,,UN,,3,,5.37,16.11,
,20606,, ALERGALIV 10MG 15CP,,,30049069,,Subs. Trib,,UN,,14,,1.49,20.86,
,17662,, ALGESTONA AC+ENAN EST INJ 1ML,,,30066000,,Subs. Trib,,UN,,5,,9.09,45.45,
,15041,, ALGINAC 3AMP A 1ML+3AMP B 2ML,,,30049037,,Subs. Trib,,UN,,1,,20.21,20.21,
,82031,, ALGINAC RETARD 10CPR REV L.R,,,30049037,,Subs. Trib,,UN,,3,,60.06,180.18,
,54832,, ALGY FLANDERIL 300MG 20CP,,,30049029,,Subs. Trib,,UN,,8,,3.89,31.12,
,88709,, ALGY FLANDERIL 600MG 30CP,,,30049029,,Subs. Trib,,UN,,5,,5.95,29.75,
,88708,, ALGY GOTAS 100MG/ML GTS 20ML,,,30049099,,Subs. Trib,,UN,,5,,2.49,12.45,
,9610,, ALLEGRA 60MG 10CP REV,,,30049069,,Subs. Trib,,UN,,2,,24.98,49.96,
,86349,, ALLEGRA 6MG/ML DOSAD LIQ 60ML,,,30049099,,Subs. Trib,,UN,,3,,30.68,92.04,
,42018,, ALLESTRA 20 75MCG+20MCG 21CP R,,,30043939,,Subs. Trib,,UN,,2,,31.79,63.58,
,85412,, ALLESTRA 20 75MCG+20MCG 63CP R,,,30043939,,Subs. Trib,,UN,,4,,25.14,100.56,
,86262,, ALLESTRA 30 75MCG+30MCG 21CP R,,,30049099,,Subs. Trib,,UN,,2,,33.19,66.38,
,87299,, ALLESTRA 30 75MCG+30MCG 63CP R,,,30049099,,Subs. Trib,,UN,,2,,25.77,51.54,
,54401,, ALMEIDA PRADO N35 60CP,,,30049099,,Subs. Trib,,UN,,2,,13.24,26.48,
,54404,, ALMEIDA PRADO N46 60CP,,,30049099,,Subs. Trib,,UN,,2,,34.04,68.08,
,78293,, ALOPURINOL 100MG 30CP,,,30049069,,Subs. Trib,,UN,,2,,5.71,11.42,
,51217,, ALOPURINOL 100MG 60CP,,,30049069,,Subs. Trib,,UN,,1,,6.56,6.56,
,78295,, ALOPURINOL 300MG 30CP,,,30049069,,Subs. Trib,,UN,,3,,7.64,22.92,
,57432,, AMBROXOL XPE AD 120ML,,,30049039,,Subs. Trib,,UN,,5,,5.94,29.7,
,85217,, AMBROXOL XPE PED 100ML,,,30049099,,Subs. Trib,,UN,,6,,5.17,31.02,
,57431,, AMBROXOL XPE PED 120ML,,,30049039,,Subs. Trib,,UN,,7,,5.6,39.2,
,30529,, AMINOFILINA 100MG 20CP,,,30049099,,Subs. Trib,,UN,,5,,2.08,10.4,
,30530,, AMINOFILINA 200MG 20CP,,,30044990,,Subs. Trib,,UN,,1,,4.6,4.6,
,83686,, AMIORON 100MG 30CP,,,30049054,,Subs. Trib,,UN,,2,,12.36,24.72,
,76546,, AMIORON 200MG 20CP,,,30049054,,Subs. Trib,,UN,,4,,15.19,60.76,
,87909,," AMOX+CLAV POT 250+62,5MG/5 75",,,30041012,,Subs. Trib,,UN,,13,,11.91,154.83,
,78348,, AMOX+CLAV POT 400+57MG/5 70ML,,,30049099,,Subs. Trib,,UN,,3,,12.52,37.56,
,87908,, AMOX+CLAV POT 400+57MG/5 70ML,,,30041012,,Subs. Trib,,UN,,3,,15.26,45.78,
,86814,, AMOX+CLAV POT 500+125MG 30CP R,,,30041019,,Subs. Trib,,UN,,5,,78.39,391.95,
,21694,, AMOX+CLAV POT 875+125MG 20CP R,,,30041012,,Subs. Trib,,UN,,1,,69.91,69.91,
,57531,, AMOXICILINA 250MG/5MG SUS 150M,,,30041012,,Subs. Trib,,UN,,17,,7.54,128.18,
,43778,, AMOXICILINA 500MG 21CAP GEL D,,,30041012,,Subs. Trib,,UN,,5,,9.7,48.5,
,57533,, AMOXICILINA 500MG 21CAP GEL D,,,30041012,,Subs. Trib,,UN,,6,,7.54,45.24,
,32554,, AMOXICILINA 875MG 14CP,,,30041012,,Subs. Trib,,UN,,2,,27.15,54.3,
,84369,, ANADOR 500MG ENV 4CP,,,30049069,,Subs. Trib,,UN,,25,,3.28,82,
,85199,, ANLODIPINO 10MG 30CP,,,30049099,,Subs. Trib,,UN,,8,,2.73,21.84,
,18729,, ANLODIPINO 5MG 30CP,,,30049099,,Subs. Trib,,UN,,1,,1.6,1.6,
,76772,, ANLODIPINO 5MG 30CP,,,30049069,,Subs. Trib,,UN,,9,,2.18,19.62,
,84018,, ANLODIPINO 5MG 30CP,,,30049099,,Subs. Trib,,UN,,2,,1.74,3.48,
,54552,, ANNITA 20MG/ML SUS 100ML,,,30049079,,Subs. Trib,,UN,,2,,62.86,125.72,
,54548,, ANNITA 20MG/ML SUS 45ML,,,30049066,,Subs. Trib,,UN,,3,,27.41,82.23,
,54553,, ANNITA 500MG 6CP,,,30049099,,Subs. Trib,,UN,,2,,67.1,134.2,
,88129,, ANTIAZIL LIQ MENTA 150ML,,,30049099,,Subs. Trib,,UN,,2,,12.99,25.98,
,88130,, ANTIAZIL LIQ MENTA 240ML,,,21069030,,Subs. Trib,,UN,,2,,18.68,37.36,
,88131,, ANTIAZIL LIQ MOR 150ML,,,30049099,,Subs. Trib,,UN,,2,,12.99,25.98,
,88132,, ANTIAZIL LIQ NAT 150ML,,,30049099,,Subs. Trib,,UN,,1,,12.99,12.99,
,87229,, ANTIAZIL LIQ NAT 240ML,,,21069030,,Subs. Trib,,UN,,2,,18.68,37.36,
,41927,, ANTUX 30MG/5ML XPE 120ML,,,30049099,,Subs. Trib,,UN,,1,,41.79,41.79,
,88016,, APAXY 600MG 20CP REV,,,30049099,,Subs. Trib,,UN,,3,,32.9,98.7,
,86274,, APETIFERR B+C MOR LIQ 240ML,,,21069030,,Subs. Trib,,UN,,1,,5.74,5.74,
,65764,, APETIVITON BC LIQ 240ML,,,30045020,,Subs. Trib,,UN,,4,,9.56,38.24,
,20153,, APEVITIN BC LIQ 240ML,,,30045090,,Subs. Trib,,UN,,2,,9.56,19.12,
,88904,," APIXABANA 2,5MG 20CP REV",,,30049099,,Subs. Trib,,UN,,1,,17.44,17.44,
,88728,, APRACUR DUO ENV 6CP REV,,,30049099,,Subs. Trib,,UN,,19,,7,133,
,87804,, APRESOLINA 25MG 20CP REV,,,30049069,,Subs. Trib,,UN,,3,,8.28,24.84,
,88836,, APRESOLINA 25MG 60CP REV,,,30049099,,Subs. Trib,,UN,,4,,23.38,93.52,
,87805,, APRESOLINA 50MG 20CP REV,,,30049099,,Subs. Trib,,UN,,1,,12.04,12.04,
,31355,, ARADOIS 50MG 30CP REV,,,30049069,,Subs. Trib,,UN,,10,,7.12,71.2,
,55875,, ARFLEX RETARD 200MG 6CAP GEL,,,30049079,,Subs. Trib,,UN,,1,,38.78,38.78,
,18005,, ARTEMIDIS 35 21CP REV,,,30066000,,Subs. Trib,,UN,,1,,16.68,16.68,
,88669,, ARTICULAM ULTRA 30CAP GEL,,,21069030,,Subs. Trib,,UN,,1,,36.9,36.9,
,60154,," ARTRITEC 7,5MG 10CP",,,30049079,,Subs. Trib,,UN,,3,,3.64,10.92,
,42100,, ARTROSIL 160MG 10CAP GEL DURA,,,30049099,,Subs. Trib,,UN,,1,,31.75,31.75,
,10092,, ASPIRINA 500MG ENV 10CP,,,30049024,,Subs. Trib,,UN,,7,,9.74,68.18,
,10086,, ASPIRINA PREVENT 100MG 30CP R,,,30049024,,Subs. Trib,,UN,,2,,20.31,40.62,
,88441,," ATENOCLOR 50MG+12,5MG 30CP",,,30049099,,Subs. Trib,,UN,,2,,20.34,40.68,
,38260,, ATENOLOL 25MG 30CP,,,30049042,,Subs. Trib,,UN,,94,,2.97,279.18,
,54778,, ATENOLOL 50MG 30CP,,,30049042,,Subs. Trib,,UN,,12,,2.67,32.04,
,25639,," ATENSINA 0,150MG 30CP",,,30049069,,Subs. Trib,,UN,,4,,10.81,43.24,
,88947,, ATIVB 1000MCG 30CP SUBL,,,30049099,,Subs. Trib,,UN,,1,,25.38,25.38,
,88948,, ATIVB 1000MCG 90CP SUBL,,,30045030,,Subs. Trib,,UN,,1,,63.59,63.59,
,86370,, ATORVASTATINA 10MG 30CP REV,,,30049099,,Subs. Trib,,UN,,4,,6.86,27.44,
,18389,, ATORVASTATINA 40MG 30CP REV,,,30049069,,Subs. Trib,,UN,,1,,24.75,24.75,
,48895,, ATROPINA 5MG/ML COL 5ML,,,30044990,,Subs. Trib,,UN,,2,,10.22,20.44,
,23977,," AVAMYS 27,5MCG/DOS SUS SPR 12",,,30043290,,Subs. Trib,,UN,,2,,57.15,114.3,
,42432,, AVIDE 100MG 9CAP DURA,,,30049099,,Subs. Trib,,UN,,1,,46.11,46.11,
,87565,, AXETILCEFUROXIMA 250MG 10CP R,,,30042059,,Subs. Trib,,UN,,1,,34.51,34.51,
,88364,, AXETILCEFUROXIMA 500MG 10CP R,,,30049099,,Subs. Trib,,UN,,1,,32.47,32.47,
,85403,, AZELAN 150MG/G GEL DERM 30G,,,30049099,,Subs. Trib,,UN,,1,,80.07,80.07,
,88250,," AZITROMICINA 1500MG SUS 37,5ML",,,30049099,,Subs. Trib,,UN,,5,,21.94,109.7,
,57380,, AZITROMICINA 500MG 3CP REV,,,30042029,,Subs. Trib,,UN,,8,,3.15,25.2,
,84964,, AZITROMICINA 500MG 3CP REV,,,30049021,,Subs. Trib,,UN,,8,,3.63,29.04,
,78366,, AZITROMICINA 500MG 5CP REV,,,30042029,,Subs. Trib,,UN,,17,,6.91,117.47,
,84952,, AZITROMICINA 500MG 5CP REV,,,30049099,,Subs. Trib,,UN,,2,,6.65,13.3,
,57389,," AZITROMICINA 900MG SUS 22,5ML",,,30042029,,Subs. Trib,,UN,,5,,16.2,81,
,60228,," AZITROPHAR 900MG SUS 22,5ML",,,30042029,,Subs. Trib,,UN,,1,,17.12,17.12,
,21885,, BACLOFENO 10MG 20CP,,,30049039,,Subs. Trib,,UN,,2,,4.7,9.4,
,31179,, BACTERACIN 400MG+80MG 20CP,,,30049099,,Subs. Trib,,UN,,1,,6.33,6.33,
,23986,, BACTROBAN 20MG/G POM DERM 10G,,,30042099,,Subs. Trib,,UN,,1,,29.91,29.91,
,21049,, BALS BENGUE AER TOP 60G,,,30049024,,Subs. Trib,,UN,,1,,30.12,30.12,
,21783,, BALS BENGUE GEL DERM 20G,,,30049024,,Subs. Trib,,UN,,1,,22.55,22.55,
,21782,, BALS BENGUE POM DERM 20G,,,30049024,,Subs. Trib,,UN,,2,,20.21,40.42,
,88336,, BALSAMO SUCURI GEL 120G (UBERP,,,33049990,,Subs. Trib,,UN,,5,,23.08,115.4,
,52695,, BELCOMPLEX GTS 30ML,,,30049099,,Subs. Trib,,UN,,3,,5.97,17.91,
,52696,, BELCOMPLEX XPE 100ML,,,30045090,,Subs. Trib,,UN,,3,,6.45,19.35,
,52751,, BELFAREN 50MG 20CP REV,,,30049037,,Subs. Trib,,UN,,1,,1.86,1.86,
,13624,, BENALET MEL+LIMAO 12PAST,,,30049099,,Subs. Trib,,UN,,3,,31.62,94.86,
,13623,, BENALET MENTA 12PAST,,,30049099,,Subs. Trib,,UN,,1,,31.62,31.62,
,29086,, BENEGRIP ENV 6CP REV,,,30049099,,Subs. Trib,,UN,,54,,11.91,643.14,
,29150,, BENEGRIP MULTI LIQ 240ML,,,30045090,,Subs. Trib,,UN,,2,,31.94,63.88,
,84066,, BENEUM 300MG 30CP REV,,,30049099,,Subs. Trib,,UN,,2,,17.13,34.26,
,49468,, BENICAR HCT 40MG+25MG 30CP R,,,30049079,,Subs. Trib,,UN,,2,,73.88,147.76,
,86605,, BENZOATO DE BENZILA EMULS 100M,,,30049024,,Subs. Trib,,UN,,4,,6.94,27.76,
,52722,, BENZOILMETR 40MG/ML LIQ 100,,,30049099,,Subs. Trib,,UN,,4,,9.9,39.6,
,57549,, BENZOILMETR+NIS+BENZ CR VAG 10,,,30042069,,Subs. Trib,,UN,,2,,17.93,35.86,
,85783,, BEPEBEN 1.200.000UI FA IM 4ML,,,30049099,,Subs. Trib,,UN,,3,,10.05,30.15,
,88124,, BERITIN KIDS LIQ 240ML,,,21069030,,Subs. Trib,,UN,,1,,11.14,11.14,
,25693,, BEROTEC 100MCG AER 200DOS 10ML,,,30049039,,Subs. Trib,,UN,,1,,28.94,28.94,
,51515,, BESEROL 12CP,,,30049037,,Subs. Trib,,UN,,1,,21.97,21.97,
,84370,, BESEROL 4CP,,,30049099,,Subs. Trib,,UN,,1,,7.08,7.08,
,76540,, BESILAPIN 5MG 30CP,,,30049069,,Subs. Trib,,UN,,9,,1.91,17.19,
,85594,, BETACORTAZOL CR DERM 30G,,,30049077,,Subs. Trib,,UN,,6,,6.42,38.52,
,88097,, BETADINE XR 48MG 30CP L.P,,,30049069,,Subs. Trib,,UN,,1,,66.83,66.83,
,78340,, BETAISTINA 16MG 30CP,,,30049069,,Subs. Trib,,UN,,5,,8.44,42.2,
,78341,, BETAISTINA 24MG 30CP,,,30049069,,Subs. Trib,,UN,,6,,8.07,48.42,
,14081,, BETAM+FOS BETAM INJ AMP 1ML,,,30043999,,Subs. Trib,,UN,,3,,5.75,17.25,
,76738,, BETAM+GENT CR DERM 30G,,,30043210,,Subs. Trib,,UN,,1,,7.86,7.86,
,87145,, BETAM+GENT+TOL+CLIO CR 20G,,,30049099,,Subs. Trib,,UN,,4,,9.5,38,
,87303,, BETAM+GENT+TOL+CLIO CR 20G,,,30049099,,Subs. Trib,,UN,,2,,9.34,18.68,
,60260,, BETAMETASONA 1MG/G CR 30G,,,30049099,,Subs. Trib,,UN,,3,,11.26,33.78,
,85469,, BETAMETASONA 1MG/G POM 30G,,,30043290,,Subs. Trib,,UN,,1,,12.47,12.47,
,14510,, BETINA 24MG 30CP,,,30049069,,Subs. Trib,,UN,,1,,32.18,32.18,
,76646,," BETOGENTA 0,64MG+1MG/G CR 30G",,,30042061,,Subs. Trib,,UN,,3,,7.71,23.13,
,76645,," BETOGENTA 0,64MG+1MG/G POM 30G",,,30042061,,Subs. Trib,,UN,,3,,8.83,26.49,
,76625,, BETRICORT CR DERM 30G,,,30049099,,Subs. Trib,,UN,,4,,7.7,30.8,
,76626,, BETRICORT POM DERM 30G,,,30049077,,Subs. Trib,,UN,,2,,9.27,18.54,
,86094,, BICARBONATO SOD PO 100G,,,28363000,,Subs. Trib,,UN,,6,,5.75,34.5,
,86510,, BILASTINA 20MG 30CP,,,30049099,,Subs. Trib,,UN,,1,,40.09,40.09,
,76813,," BIMATOPROSTA 0,3MG/ML COL 3ML",,,30049099,,Subs. Trib,,UN,,1,,28.35,28.35,
,31035,, BIO SOAK 360+120ML SOL 480ML,,,33079000,,Subs. Trib,,UN,,1,,38.09,38.09,
,87907,, BIO-C 500MG 30CAP MOLE,,,21069030,,Subs. Trib,,UN,,6,,18.94,113.64,
,85056,, BIOFORZAN MOR LIQ 400ML,,,21069030,,Subs. Trib,,UN,,1,,5.53,5.53,
,22251,, BIOGRIPE 400MG+4MG+4MG 20CAP,,,30049099,,Subs. Trib,,UN,,19,,4.83,91.77,
,88520,, BIOGRIPE ENV 5CAP,,,30049099,,Subs. Trib,,UN,,1,,39.76,39.76,
,88498,, BIOTINA 45MCG 60CP,,,21069030,,Subs. Trib,,UN,,1,,17.91,17.91,
,55946,, BIOVICERIN 6FLAC 5ML,,,30049099,,Subs. Trib,,UN,,1,,28.8,28.8,
,21749,, BISMU JET GTS 20ML,,,30042029,,Subs. Trib,,UN,,4,,15.65,62.6,
,88484,," BISOPROLOL 1,25MG 30CP REV",,,30049099,,Subs. Trib,,UN,,2,,55.4,110.8,
,87429,, BISOPROLOL 10MG 30CP REV,,,30049069,,Subs. Trib,,UN,,1,,50.22,50.22,
,88310,, BISOPROLOL 10MG 30CP REV,,,30049099,,Subs. Trib,,UN,,1,,64.61,64.61,
,87941,," BISOPROLOL 2,5MG 30CP REV",,,30049069,,Subs. Trib,,UN,,1,,15.16,15.16,
,21423,, BISOPROLOL 5MG 30CP REV,,,30049099,,Subs. Trib,,UN,,3,,32.06,96.18,
,88164,, BISOPROLOL 5MG 30CP REV,,,30049099,,Subs. Trib,,UN,,2,,20.26,40.52,
,76743,," BRIMONIDINA 1,5MG/ML SOL 5ML",,,30049099,,Subs. Trib,,UN,,1,,13.01,13.01,
,76719,, BRIMONIDINA 2MG/ML COL 5ML,,,30049099,,Subs. Trib,,UN,,2,,12.89,25.78,
,85963,, BRIMONIDINA 2MG/ML COL 5ML,,,30049079,,Subs. Trib,,UN,,2,,11.49,22.98,
,22014,, BRITENS COL 10ML,,,30049099,,Subs. Trib,,UN,,2,,91.04,182.08,
,88251,, BROMELIMEL ASSAPEIXE XPE 150ML,,,21069090,,Subs. Trib,,UN,,1,,18.99,18.99,
,43189,, BROMELIN S LIQ 100ML,,,21069030,,Subs. Trib,,UN,,1,,61.53,61.53,
,54930,, BROMEXINA XPE PED 120ML,,,30049099,,Subs. Trib,,UN,,4,,7.54,30.16,
,57525,, BROMOPRIDA 10MG 20CP,,,30049045,,Subs. Trib,,UN,,8,,8.56,68.48,
,57528,, BROMOPRIDA 4MG/ML GTS 20ML,,,30049045,,Subs. Trib,,UN,,2,,6.22,12.44,
,88448,, BRONCATAR 2MG/ML GTS 50ML,,,30049099,,Subs. Trib,,UN,,3,,8.14,24.42,
,86235,, BRONFENIRAMINA+FENILEF GTS 20M,,,30049036,,Subs. Trib,,UN,,3,,7.62,22.86,
,86233,, BRONFENIRAMINA+FENILEF XPE 120,,,30049099,,Subs. Trib,,UN,,8,,11.69,93.52,
,86180,, BUCLINA 25MG 30CP,,,30049099,,Subs. Trib,,UN,,9,,17.37,156.33,
,39521,, BUPROVIL 600MG 20CP REV,,,30049029,,Subs. Trib,,UN,,38,,4.77,181.26,
,84665,, BUSCODUO 20CP REV,,,30044990,,Subs. Trib,,UN,,2,,28.8,57.6,
,84153,, BUSCOFEM 400MG 10CAP GEL MOLE,,,30049099,,Subs. Trib,,UN,,6,,25.22,151.32,
,25713,, BUSCOFEM 400MG 2CAP GEL MOLE,,,30049029,,Subs. Trib,,UN,,41,,5.74,235.34,
,88856,, BUSCOFEM HOT 2ADES TERM,,,30051090,,Subs. Trib,,UN,,1,,62.11,62.11,
,84728,, BUSCOPAN 10MG 20DRG,,,30044990,,Subs. Trib,,UN,,12,,20.54,246.48,
,86181,, BUSCOPAN 10MG/ML GTS 20ML,,,30049099,,Subs. Trib,,UN,,6,,21.25,127.5,
,84408,, BUSCOPAN COMP 20CP REV,,,30049099,,Subs. Trib,,UN,,23,,21.25,488.75,
,88552,, BUSCOPAN COMP ENV 4CP,,,30049099,,Subs. Trib,,UN,,10,,5.4,54,
,78026,, BUSCOPLEX CPTO GTS 20ML,,,30044990,,Subs. Trib,,UN,,2,,8.61,17.22,
,32725,, BUSONID AQ NASAL 100MCG 120DOS,,,30043999,,Subs. Trib,,UN,,3,,72.69,218.07,
,84523,, BUTACID 200MG ENV 10CP REV,,,30049069,,Subs. Trib,,UN,,17,,4.75,80.75,
,87786,, CAFEINA+CARISP+DICLOF+PAR 30CP,,,30049099,,Subs. Trib,,UN,,5,,7.45,37.25,
,85145,, CALCICAPS 600+D+K+MI 60CAP GEL,,,21069030,,Subs. Trib,,UN,,1,,27.02,27.02,
,87876,, CALCITRAN D3 1.000UI 60CP REV,,,21069030,,Subs. Trib,,UN,,1,,77.65,77.65,
,46835,, CAMOMILINA C 20CAP,,,30044990,,Subs. Trib,,UN,,2,,54.03,108.06,
,61316,, CAMOMINE MAIS 20CAP,,,21069030,,Subs. Trib,,UN,,1,,13.38,13.38,
,41903,, CANDICORT CR DERM 30G,,,30049077,,Subs. Trib,,UN,,2,,36.05,72.1,
,41904,, CANDICORT POM DERM 30G,,,30049079,,Subs. Trib,,UN,,2,,38.7,77.4,
,30570,, CANDITRAT 100.000UI/ML LIQ 50M,,,30049099,,Subs. Trib,,UN,,2,,6.55,13.1,
,55025,, CAPTOCORD 50MG 30CP,,,30049099,,Subs. Trib,,UN,,5,,4.32,21.6,
,30582,, CAPTOPRIL 25MG 30CP,,,30049069,,Subs. Trib,,UN,,5,,1.46,7.3,
,84924,, CAPTOPRIL 25MG 30CP,,,30049099,,Subs. Trib,,UN,,8,,1.87,14.96,
,78876,, CAPTOPRIL 50MG 30CP,,,30049099,,Subs. Trib,,UN,,18,,4.71,84.78,
,88853,, CARBOTRAT 50MG/ML XPE AD 100ML,,,30049099,,Subs. Trib,,UN,,10,,9.43,94.3,
,32746,," CARVEDILOL 12,5MG 30CP",,,30049069,,Subs. Trib,,UN,,6,,4.45,26.7,
,32688,, CARVEDILOL 25MG 30CP,,,30049069,,Subs. Trib,,UN,,3,,5.88,17.64,
,32744,," CARVEDILOL 3,125MG 30CP",,,30049069,,Subs. Trib,,UN,,4,,2.47,9.88,
,32745,," CARVEDILOL 6,25 MG C/ 30 CP",,,21069030,,Subs. Trib,,UN,,4,,3.18,12.72,
,49501,, CARVEROL 250MG 20CP,,,30049069,,Subs. Trib,,UN,,3,,28.79,86.37,
,35540,," CATAFLAMPRO 1,16MG/G AERO 60G",,,30049037,,Subs. Trib,,UN,,1,,44.88,44.88,
,35669,," CATAFLAMPRO 11,6MG/G EMULG 30G",,,30049037,,Subs. Trib,,UN,,2,,26.64,53.28,
,16479,, CAZIDERM 2MG/G POM DERM 20G,,,30049099,,Subs. Trib,,UN,,1,,7.05,7.05,
,20779,, CEDROXIL 500MG 8CAP DURA,,,30042059,,Subs. Trib,,UN,,3,,10.58,31.74,
,13933,, CEFADROXILA 250MG/5ML 100ML,,,30042059,,Subs. Trib,,UN,,2,,55.73,111.46,
,30700,, CEFALEXINA 250MG/5ML LIQ 100ML,,,30042052,,Subs. Trib,,UN,,4,,12.05,48.2,
,21964,, CEFALEXINA 500MG 10CAP,,,30042052,,Subs. Trib,,UN,,11,,7.64,84.04,
,84476,, CEFALIUM ONE 750MG 20CP,,,30049045,,Subs. Trib,,UN,,2,,26.35,52.7,
,41901,, CEFALIV 12CP,,,30044990,,Subs. Trib,,UN,,1,,18.45,18.45,
,13988,, CEFTRIAXONA 500 MG IM INJ 1 AM,,,30049063,,Subs. Trib,,UN,,8,,16.71,133.68,
,13989,, CEFTRIAXONA SOD 1G C/DIL FA,,,30042059,,Subs. Trib,,UN,,14,,14.49,202.86,
,20353,," CELERG 2MG+0,25MG 20CP",,,30049099,,Subs. Trib,,UN,,1,,8.86,8.86,
,20356,, CELERG XPE 120ML,,,30049099,,Subs. Trib,,UN,,20,,14.92,298.4,
,20357,, CELERGIN 20CP,,,30049099,,Subs. Trib,,UN,,3,,9.9,29.7,
,10522,," CELESTONE 0,5MG 20CP",,,30043210,,Subs. Trib,,UN,,1,,17.97,17.97,
,88654,, CELESTRAT 20CP,,,30049099,,Subs. Trib,,UN,,3,,4.36,13.08,
,22222,, CELESTRAT XPE 120ML,,,30049099,,Subs. Trib,,UN,,2,,6.23,12.46,
,84067,, CENEVIT 1G LARAN 10CP EFERV,,,21069030,,Subs. Trib,,UN,,110,,3.74,411.4,
,85899,, CENEVIT TR AC 10CP EFERV,,,30045090,,Subs. Trib,,UN,,55,,8.63,474.65,
,84068,, CENEVIT ZINCO 1G+10MG 10CP EF,,,21069030,,Subs. Trib,,UN,,55,,4.92,270.6,
,88058,, CENTROCAL 500 60CP,,,21069030,,Subs. Trib,,UN,,2,,21.9,43.8,
,88576,, CENTROCAL 500+D3 60CP,,,21069030,,Subs. Trib,,UN,,2,,26.28,52.56,
,88135,, CENTROCAL B12 CER LIQ 240ML,,,21069030,,Subs. Trib,,UN,,1,,11.99,11.99,
,88136,, CENTROCAL B12 MOR LIQ 240ML,,,21069030,,Subs. Trib,,UN,,1,,11.9,11.9,
,88059,, CENTROCAL KIDS LEIT COND 30CP,,,21069030,,Subs. Trib,,UN,,2,,18.9,37.8,
,88134,, CENTROCAL TOR LIM 60CP MAST,,,21069030,,Subs. Trib,,UN,,1,,26.22,26.22,
,88300,, CENTROLIV HOMEM 50+ 30CP,,,21069030,,Subs. Trib,,UN,,1,,29,29,
,85146,, CENTROLIV KIDS 30CP MAST,,,21069030,,Subs. Trib,,UN,,2,,24.17,48.34,
,40884,, CERUMIN SOL OTOL 8ML,,,30049099,,Subs. Trib,,UN,,3,,20.83,62.49,
,58378,, CETOBETA CR DERM 30G,,,30049099,,Subs. Trib,,UN,,4,,9.97,39.88,
,76603,, CETOC+BETAM CR DERM 30G,,,30049099,,Subs. Trib,,UN,,1,,7.59,7.59,
,87480,, CETOCONAZOL 200MG 30CP,,,30049077,,Subs. Trib,,UN,,1,,10.32,10.32,
,52419,, CETOCONAZOL 20MG/ML SH 100ML,,,30049077,,Subs. Trib,,UN,,2,,7.57,15.14,
,30850,, CETOCORT CR DERM 30G,,,30049077,,Subs. Trib,,UN,,1,,6.32,6.32,
,30525,, CETOCORT N POM DERM 30G,,,30049077,,Subs. Trib,,UN,,6,,9.55,57.3,
,54934,, CETOMICOSS 200MG 10CP,,,30049099,,Subs. Trib,,UN,,1,,3.96,3.96,
,84715,, CETOPROFENO 150MG 10CP L.P,,,30049099,,Subs. Trib,,UN,,2,,7.64,15.28,
,87496,, CETOPROFENO 150MG 10CP L.P,,,30049029,,Subs. Trib,,UN,,7,,7.53,52.71,
,13936,, CETOPROFENO 20MG/ML GTS 20ML,,,30049099,,Subs. Trib,,UN,,1,,5.48,5.48,
,30756,, CETOPROFENO 20MG/ML GTS 20ML,,,30049029,,Subs. Trib,,UN,,7,,3.07,21.49,
,38283,, CETOPROFENO 20MG/ML GTS 20ML,,,30049029,,Subs. Trib,,UN,,1,,2.52,2.52,
,87639,, CETOPROFENO 50MG 24CAP,,,30049099,,Subs. Trib,,UN,,16,,7.9,126.4,
,51501,, CEWIN 1G LAR 10CP EFERV,,,30045090,,Subs. Trib,,UN,,1,,14,14,
,22053,," CICLO 21 0,15MG+0,03MG 21CP R",,,30066000,,Subs. Trib,,UN,,54,,7.61,410.94,
,32505,, CICLOBENZAPRINA 10 MG C/ 15 CP,,,30049099,,Subs. Trib,,UN,,11,,3.98,43.78,
,84026,, CICLOBENZAPRINA 5MG 15CP REV,,,30049099,,Subs. Trib,,UN,,15,,2.84,42.6,
,60245,, CICLOPIROX OL 10MG/G CR DERM,,,30049099,,Subs. Trib,,UN,,1,,11.68,11.68,
,40889,, CILODEX COL 5ML,,,30043290,,Subs. Trib,,UN,,2,,33.74,67.48,
,86776,, CILOSTAZOL 100MG 30CP,,,30049099,,Subs. Trib,,UN,,1,,16.88,16.88,
,85034,, CILOSTAZOL 50MG 30CP,,,30049099,,Subs. Trib,,UN,,1,,11.18,11.18,
,40437,, CIMEGRIPE 20CAP,,,30049099,,Subs. Trib,,UN,,4,,9.83,39.32,
,46534,, CINARIZINA 25MG 30CP,,,30049069,,Subs. Trib,,UN,,1,,10.4,10.4,
,46535,, CINARIZINA 75MG 30CP,,,30049069,,Subs. Trib,,UN,,3,,15.8,47.4,
,58157,," CINATREX 5MG/G POM OFT 3,5G",,,30042099,,Subs. Trib,,UN,,3,,11.72,35.16,
,85269,, CIPROFIBRATO 100MG 30CP,,,30049099,,Subs. Trib,,UN,,6,,10.68,64.08,
,57408,, CIPROFLOXACINO 500MG 14CP REV,,,30049069,,Subs. Trib,,UN,,2,,5.22,10.44,
,85307,, CIPROTERONA+ETIN 21CP REV,,,30049099,,Subs. Trib,,UN,,6,,5.23,31.38,
,76777,, CISTEIL 200MG 16SAC 5G,,,30049099,,Subs. Trib,,UN,,4,,14.52,58.08,
,76631,, CISTEIL 20MG/ML XPE PED 120ML,,,30049099,,Subs. Trib,,UN,,6,,9.83,58.98,
,76632,, CISTEIL 40MG/ML XPE 120ML,,,30049099,,Subs. Trib,,UN,,14,,10.94,153.16,
,88902,, CISTEIL 600MG 10SAC 5G,,,30049059,,Subs. Trib,,UN,,2,,11.49,22.98,
,88127,, CITOBE-DEXA INJ A+B 6AMP 1+2ML,,,30049099,,Subs. Trib,,UN,,1,,35.65,35.65,
,87877,, CITONEURIN CONTROL 30CP REV,,,30049099,,Subs. Trib,,UN,,1,,81.58,81.58,
,86444,, CITONEURIN TABS 5000 30CP REV,,,30049099,,Subs. Trib,,UN,,2,,82.91,165.82,
,76578,," CIXIN 0,5MG 20CP",,,30049099,,Subs. Trib,,UN,,6,,7.17,43.02,
,40867,, CLARIL COL 15ML,,,30049069,,Subs. Trib,,UN,,2,,22.28,44.56,
,85066,, CLARITROMICINA 500MG 14CP REV,,,30049099,,Subs. Trib,,UN,,4,,48.31,193.24,
,86818,, CLARITROMICINA 500MG 7CP REV,,,30049099,,Subs. Trib,,UN,,2,,25.65,51.3,
,51417,, CLAXAM 500+125MG 21CP REV,,,30041012,,Subs. Trib,,UN,,2,,54.08,108.16,
,84157,, CLENIL A 400MCG/ML 10FLAC 2ML,,,30043290,,Subs. Trib,,UN,,1,,74.93,74.93,
,42716,, CLENIL HFA 250MCG/DO AER+DIS,,,30049099,,Subs. Trib,,UN,,2,,39.74,79.48,
,42717,, CLENIL HFA 250MCG/DO AER+ESP,,,30049099,,Subs. Trib,,UN,,2,,39.74,79.48,
,42714,, CLENIL HFA 50MCG DISP 200DOS,,,30049099,,Subs. Trib,,UN,,1,,30.78,30.78,
,22006,, CLINDAMICINA 300MG 16CAP DURA,,,30042049,,Subs. Trib,,UN,,2,,17.38,34.76,
,31177,, CLINDAMIN C 300MG 16CAP DURA,,,30042049,,Subs. Trib,,UN,,6,,15.19,91.14,
,43771,," CLOBETASOL 0,5MG/G POM 30G",,,30049099,,Subs. Trib,,UN,,1,,7.38,7.38,
,86178,," CLOPE 3,54MG/ML XPE 120ML",,,30049099,,Subs. Trib,,UN,,4,,18.61,74.44,
,51219,, CLOPIDOGREL 75MG 28CP REV,,,30049079,,Subs. Trib,,UN,,1,,15.89,15.89,
,88497,, CLORETO DE MAG PA 600MG 60CAP,,,21069030,,Subs. Trib,,UN,,3,,12.9,38.7,
,20556,, CLOTRIMAZOL 10MG/G CR VAG 6AP,,,30049099,,Subs. Trib,,UN,,2,,20.76,41.52,
,35359,, COBAVITAL 1MG+4MG 16MICR,,,30049069,,Subs. Trib,,UN,,5,,24.75,123.75,
,11622,, COBAVITAL 1MG+4MG 30MICR,,,30049099,,Subs. Trib,,UN,,2,,36.67,73.34,
,88352,, COENZIMA Q10 50MG 30CAP,,,21069030,,Subs. Trib,,UN,,1,,29.77,29.77,
,21937,, COLACT AME LIQ 120ML,,,21069030,,Subs. Trib,,UN,,2,,11.48,22.96,
,21936,, COLACT S/SAB LIQ 120ML,,,21069030,,Subs. Trib,,UN,,1,,10.92,10.92,
,21938,, COLACT SALAD FR LIQ 120ML,,,21069030,,Subs. Trib,,UN,,2,,10.32,20.64,
,86159,, COLAGENO TIPO II 40MG 30CAP,,,21069030,,Subs. Trib,,UN,,2,,25.33,50.66,
,87777,, COLAGENO VER+VIT 870MG 60CAP,,,21069030,,Subs. Trib,,UN,,2,,28.23,56.46,
,85718,," COLEGORICO 0,2ML/ML GTS 30ML",,,30049099,,Subs. Trib,,UN,,10,,2.68,26.8,
,83653,, COLIDIS GTS 5ML,,,21069090,,Subs. Trib,,UN,,2,,86.91,173.82,
,76693,, COLIRIO GEOLAB COL 20ML,,,30049099,,Subs. Trib,,UN,,8,,4.01,32.08,
,36880,, COLPIST MT CR VAG 10APL 40G,,,30049099,,Subs. Trib,,UN,,1,,50.55,50.55,
,41895,, COLPISTATIN CR VAG 10APL 40G,,,30049069,,Subs. Trib,,UN,,1,,46.2,46.2,
,85212,, COMBI AD GTS FRAM 30ML,,,21069030,,Subs. Trib,,UN,,1,,44.85,44.85,
,41993,, COMBIRON FOLICO 45CP,,,30045090,,Subs. Trib,,UN,,1,,38.22,38.22,
,88951,, COMPLEXO B 60CP,,,21069030,,Subs. Trib,,UN,,1,,4.72,4.72,
,84071,, COMPLEXO B GTS 30ML,,,21069030,,Subs. Trib,,UN,,2,,6.49,12.98,
,84738,, COMPLEXO B XPE 100ML,,,21069030,,Subs. Trib,,UN,,2,,4.99,9.98,
,88187,, CONDROFLAN ULTRA 90CAP,,,21069030,,Subs. Trib,,UN,,3,,185.27,555.81,
,18002,, CONTRACEP 150MG/ML AMP IM 1ML,,,30066000,,Subs. Trib,,UN,,2,,27.1,54.2,
,10545,, CORISTINA D ENV 4CP,,,30049099,,Subs. Trib,,UND,,17,,7.91,134.47,
,85372,, CORISTINA D PRO ENV 4CP,,,30049099,,Subs. Trib,,UN,,77,,9.06,697.62,
,43663,, CORTICORTEN 20MG 20CP,,,30043999,,Subs. Trib,,UN,,2,,7.85,15.7,
,43664,, CORTICORTEN 5MG 20CP,,,30043999,,Subs. Trib,,UN,,3,,5.33,15.99,
,85220,, CORTITOP 1MG/G CR DERM 10G,,,30049099,,Subs. Trib,,UN,,5,,3.94,19.7,
,32850,, CORUS 50MG 30CP REV,,,30049069,,Subs. Trib,,UN,,7,,11.39,79.73,
,32467,," CORUS H 50MG+12,5MG 30CP REV",,,30049069,,Subs. Trib,,UN,,1,,42.02,42.02,
,14071,, CREVAGIN CR VAG 7APL 40G,,,30049069,,Subs. Trib,,UN,,3,,44,132,
,48904,, CROMOLERG 20MG/ML COL 5ML,,,30049099,,Subs. Trib,,UN,,1,,12.22,12.22,
,48905,, CROMOLERG 40MG/ML COL 5ML,,,30049099,,Subs. Trib,,UN,,2,,14.63,29.26,
,16310,," CRONOPLEX 7,5MG/ML GTS 20ML",,,30049099,,Subs. Trib,,UN,,12,,8.61,103.32,
,88051,, CURCUMA 30CAP,,,21069030,,Subs. Trib,,UN,,1,,23.69,23.69,
,88053,, CURCUMA MAX 400MG 60CAP,,,21069030,,Subs. Trib,,UN,,1,,26.9,26.9,
,22229,, CYLOCORT 3MG+1MG/ML COL 5ML,,,30049099,,Subs. Trib,,UN,,4,,34.82,139.28,
,88137,, CYSTRAT C/60 CAPS (KRESS),,,21069030,,Subs. Trib,,UN,,1,,34.99,34.99,
,88658,, DAPAGLIFLOZINA 10MG 30CP REV,,,30049099,,Subs. Trib,,UN,,2,,53.84,107.68,
,41987,," DECADRON 0,5MG 20CP",,,30043999,,Subs. Trib,,UN,,4,,9.05,36.2,
,41988,," DECADRON 0,75MG 20CP",,,30043999,,Subs. Trib,,UN,,1,,12.56,12.56,
,41982,, DECADRON 2MG/ML SOL INJ 2FA,,,30043999,,Subs. Trib,,UN,,1,,12.34,12.34,
,41980,, DECADRON 4MG 10CP,,,30043999,,Subs. Trib,,UN,,2,,21.1,42.2,
,41990,, DECADRON COL 5ML,,,30043999,,Subs. Trib,,UN,,2,,14.49,28.98,
,41932,, DECONGEX PLUS 12CP REV L.P,,,30049099,,Subs. Trib,,UN,,2,,28.04,56.08,
,41934,, DECONGEX PLUS GTS 20ML,,,30049099,,Subs. Trib,,UN,,7,,14.57,101.99,
,41933,, DECONGEX PLUS XPE 120ML,,,30049099,,Subs. Trib,,UN,,3,,21.44,64.32,
,86754,, DEFULL 10.000UI 4CP REV,,,30045050,,Subs. Trib,,UN,,5,,5.58,27.9,
,52686,," DELTAPIL 0,20MG/ML SH 100ML",,,30049049,,Subs. Trib,,UN,,6,,9.95,59.7,
,21867,, DEMEDROX 150MG SER PRE 1ML,,,30043939,,Subs. Trib,,UN,,1,,41.03,41.03,
,13435,, DEPO MEDROL 40MG/ML FA 2ML,,,30043210,,Subs. Trib,,UN,,1,,22.7,22.7,
,13437,, DEPO PROVERA 150MG/ML AMP 1ML,,,30043999,,Subs. Trib,,UN,,1,,38.58,38.58,
,21751,, DERMOBENE 10MG/G CR DERM 20G,,,30049099,,Subs. Trib,,UN,,2,,7.03,14.06,
,16253,, DERMOSALIC POM DERM 30G,,,30049099,,Subs. Trib,,UN,,1,,11.6,11.6,
,16190,, DERMOSALIC SOL DERM 30ML,,,30043210,,Subs. Trib,,UN,,4,,14.31,57.24,
,52782,, DERMOTRIZOL 10MG/ML GTS 30ML,,,30049069,,Subs. Trib,,UN,,3,,10.06,30.18,
,52737,, DERMOTRIZOL 10MG/ML SPR 20ML,,,30049069,,Subs. Trib,,UN,,4,,13.04,52.16,
,10555,," DESALEX 0,5MG/ML XPE 60ML",,,30049069,,Subs. Trib,,UN,,1,,56.45,56.45,
,88847,, DESLAC 10.000FCC 8CP MAST,,,21069030,,Subs. Trib,,UN,,2,,12.05,24.1,
,85905,, DESLORATADINA XPE 60ML,,,30049099,,Subs. Trib,,UN,,6,,6.48,38.88,
,87076,, DESOG+ETIN 150MCG+20MCG 21CP,,,30049099,,Subs. Trib,,UN,,2,,8.63,17.26,
,14335,, DESOG+ETIN 150MCG+30MCG 21CP,,,30043937,,Subs. Trib,,UN,,2,,10.62,21.24,
,51391,, DESOGESTREL 75MCG 28CP REV,,,30043937,,Subs. Trib,,UN,,1,,7.83,7.83,
,84097,, DESOGESTREL 75MCG 28CP REV,,,30049099,,Subs. Trib,,UN,,2,,5.89,11.78,
,87791,, DESOGESTREL 75MCG 28CP REV,,,30043937,,Subs. Trib,,UN,,1,,7.84,7.84,
,87124,, DEWS 5MG/ML COL 10ML,,,30049099,,Subs. Trib,,UN,,1,,48.04,48.04,
,15156,, DEXA-CITONEURIN NFF A+B 6AMP,,,30049099,,Subs. Trib,,UN,,4,,41.36,165.44,
,85643,, DEXADOR A+B INJ IM 3DOS 3ML,,,30049099,,Subs. Trib,,UN,,2,,39.58,79.16,
,86098,, DEXALGEN NF 3AMP A+B IM 3ML,,,30049099,,Subs. Trib,,UN,,1,,44.69,44.69,
,86001,," DEXAMETASONA 0,5MG/5ML ELX 100",,,30043999,,Subs. Trib,,UN,,1,,3.9,3.9,
,30519,, DEXAMETASONA 1MG/G CR DERM 10G,,,30049099,,Subs. Trib,,UN,,1,,2.96,2.96,
,88974,, DEXAMETASONA 1MG/G CR DERM 10G,,,30049099,,Subs. Trib,,UN,,6,,1.59,9.54,
,31172,, DEXAMETASONA 4MG 10CP,,,30049099,,Subs. Trib,,UN,,7,,3.32,23.24,
,30685,," DEXASON 0,5MG/5ML ELX 100ML",,,30043999,,Subs. Trib,,UN,,1,,4,4,
,84072,, DEXASON 4MG 10CP,,,30049099,,Subs. Trib,,UN,,2,,3.51,7.02,
,54970,, DEXCLORFENIRAM+BETAM XPE 120ML,,,30049099,,Subs. Trib,,UN,,1,,5.44,5.44,
,78288,, DEXCLORFENIRAM+BETAM XPE 120ML,,,30049099,,Subs. Trib,,UN,,10,,5.86,58.6,
,13918,, DEXFER 100MG 30CP REV,,,30049099,,Subs. Trib,,UN,,1,,56.84,56.84,
,13921,, DEXFER 100MG/ML GTS 30ML,,,30049099,,Subs. Trib,,UN,,1,,48.53,48.53,
,85566,," DIANE 35 2MG+0,035MG 63DRG",,,30043939,,Subs. Trib,,UN,,3,,25.54,76.62,
,50992,, DIASEC 2MG 12CP,,,30049062,,Subs. Trib,,UN,,2,,3.74,7.48,
,22131,, DICLOFENACO SOD 25MG/ML 100AMP,,,30049037,,Subs. Trib,,UN,,2,,3,6,
,85466,, DIENOGESTE 2MG 30CP,,,30066000,,Subs. Trib,,UN,,1,,15.88,15.88,
,14077,, DIENOGESTE 2MG 30CP REV,,,30043939,,Subs. Trib,,UN,,3,,18.83,56.49,
,88668,, DIGEFLEX LIQ MOR 240ML,,,30049099,,Subs. Trib,,UN,,2,,7.6,15.2,
,18639,, DIGESIGMA 10MG 20CAP GEL DURA,,,30049045,,Subs. Trib,,UN,,4,,8.23,32.92,
,60188,," DIGOXINA 0,25MG 20CP",,,30049079,,Subs. Trib,,UN,,2,,6.05,12.1,
,86194,," DIGOXINA 0,25MG 20CP",,,30049099,,Subs. Trib,,UN,,4,,2.93,11.72,
,86774,, DILTIAZEM 60MG 50CP,,,30049099,,Subs. Trib,,UN,,3,,12.65,37.95,
,45403,, DIPIMED 500MG/ML GTS 10ML,,,30049099,,Subs. Trib,,UN,,6,,1.64,9.84,
,78265,, DIPIRONA 1G 10CP,,,30049069,,Subs. Trib,,UN,,65,,3.27,212.55,
,88079,, DIPIRONA 1G 30CP,,,30049069,,Subs. Trib,,UN,,11,,8.74,96.14,
,57438,, DIPIRONA 500MG ENV 10CP,,,30049069,,Subs. Trib,,UN,,986,,1.57,1548.02,
,32690,, DIPIRONA 50MG/ML LIQ 100ML,,,30049069,,Subs. Trib,,UN,,12,,6.51,78.12,
,38254,, DIPIRONA 50MG/ML LIQ 100ML,,,30049069,,Subs. Trib,,UN,,10,,9.12,91.2,
,44125,, DIPIRONA+CAFEINA 16CP,,,30049099,,Subs. Trib,,UN,,2,,8.68,17.36,
,10568,, DIPROSALIC POM DERM 30G,,,30049099,,Subs. Trib,,UN,,1,,35.6,35.6,
,10559,," DIPROSONE 0,64MG/ML LOC CAP 30",,,30049099,,Subs. Trib,,UN,,2,,44.62,89.24,
,10570,, DIPROSPAN AMP INJ 1ML,,,30049099,,Subs. Trib,,UN,,6,,39.56,237.36,
,84440,, DOBEVEN 500MG 30CAP GEL DURA,,,30049099,,Subs. Trib,,UN,,1,,61.82,61.82,
,54518,, DOLAMIN 125MG 16CP,,,30049099,,Subs. Trib,,UN,,1,,24.87,24.87,
,54571,, DOLAMIN FLEX 12CP REV,,,30049099,,Subs. Trib,,UN,,1,,42.85,42.85,
,17744,, DOMPERIDONA 10MG 30CP,,,30049099,,Subs. Trib,,UN,,1,,4.78,4.78,
,18375,, DOMPERIDONA 10MG 30CP,,,30049099,,Subs. Trib,,UN,,8,,4.38,35.04,
,14365,, DOMPERIDONA 1MG/ML LIQ 100,,,30049099,,Subs. Trib,,UN,,4,,14.78,59.12,
,86768,, DORALGINA ENV 4DRG,,,30049099,,Subs. Trib,,UN,,12,,2.14,25.68,
,82340,, DORFLEX 24CP,,,30049099,,Subs. Trib,,UN,,2,,14.09,28.18,
,9557,, DORFLEX 36CP,,,30049099,,Subs. Trib,,UN,,3,,18.75,56.25,
,86655,, DORFLEX MAX 8CP,,,30049099,,Subs. Trib,,UN,,1,,14.76,14.76,
,84510,, DORFLEX UNO 1G 10CP,,,30049099,,Subs. Trib,,UN,,1,,16.21,16.21,
,29033,, DORIL ENV 6CP,,,30049099,,Subs. Trib,,UN,,24,,10.57,253.68,
,29160,, DORIL ENXAQUECA ENV 4CP REV,,,30049099,,Subs. Trib,,UN,,55,,7.68,422.4,
,20695,, DORILEN 12CP,,,30049099,,Subs. Trib,,UN,,3,,12.48,37.44,
,58922,, DORMEC 100MG ENV 10CP,,,30049024,,Subs. Trib,,UN,,26,,0.6,15.6,
,44131,, DORONA CAFI 500MG+65MG 16CP,,,30049069,,Subs. Trib,,UN,,2,,7.01,14.02,
,44132,, DORONA CAFI 500MG+65MG ENV 4CP,,,30049099,,Subs. Trib,,UN,,16,,1.75,28,
,39388,, DORSANOL 200MG/ML GTS 15ML,,,30049045,,Subs. Trib,,UN,,1,,2.42,2.42,
,30709,, DORZOLAMIDA+TIMOLOL SOL 5ML,,,30049079,,Subs. Trib,,UN,,2,,18.45,36.9,
,30704,, DOXAZOSINA 2MG 30CP,,,30049099,,Subs. Trib,,UN,,2,,5.55,11.1,
,87105,, DOXAZOSINA 4MG 30CP,,,30049079,,Subs. Trib,,UN,,3,,14.06,42.18,
,87858,, DOXAZOSINA 4MG 30CP,,,30049079,,Subs. Trib,,UN,,1,,8.9,8.9,
,60234,, DOXICICLINA 100MG 15CP REV,,,30049099,,Subs. Trib,,UN,,5,,11.27,56.35,
,88222,, DPHAR 10.000UI 10CAP MOLE,,,30045050,,Subs. Trib,,UN,,1,,13.11,13.11,
,88207,, DPHAR 10.000UI 4CAP MOLE,,,30045050,,Subs. Trib,,UN,,1,,7.9,7.9,
,83972,, DPREV 1.000UI 30CP REV,,,30045050,,Subs. Trib,,UN,,2,,35.95,71.9,
,36993,, DPREV 10.000UI 4CP REV,,,30045050,,Subs. Trib,,UN,,1,,23.44,23.44,
,88099,, DPREV TODO DIA 400UI GTS 10ML,,,21069030,,Subs. Trib,,UN,,1,,35.85,35.85,
,84409,, DRAMIN B6 30CP REV,,,30049039,,Subs. Trib,,UN,,11,,19.25,211.75,
,85451,, DRAMIN B6 GTS 30ML,,,30049099,,Subs. Trib,,UN,,4,,18.3,73.2,
,41715,, DRAMIN CAPSGEL 25MG 10CAP,,,30049039,,Subs. Trib,,UN,,2,,18.3,36.6,
,41717,, DRAMIN CAPSGEL 50MG 10CAP,,,30049039,,Subs. Trib,,UN,,2,,18.12,36.24,
,52785,, DRENOGRIP ENV 6CP,,,30045090,,Subs. Trib,,UN,,33,,0.78,25.74,
,86402,," DROPROPIZINA 1,5MG/ML XPE 120M",,,30049099,,Subs. Trib,,UN,,3,,9.08,27.24,
,32881,, DROPROPIZINA 3MG/ML XPE 120ML,,,30049067,,Subs. Trib,,UN,,5,,7.78,38.9,
,87648,," DROSPI+ETIN 3MG+0,02MG 24+4CP",,,30066000,,Subs. Trib,,UN,,2,,10.65,21.3,
,86464,," DROSPI+ETIN 3MG+0,02MG 24CP R",,,30066000,,Subs. Trib,,UN,,4,,12.01,48.04,
,18702,," DROSPI+ETIN 3MG+0,02MG 72CP R",,,30066000,,Subs. Trib,,UN,,3,,10.45,31.35,
,21314,," DROSPI+ETIN 3MG+0,03MG 21CP R",,,30066000,,Subs. Trib,,UN,,1,,8.6,8.6,
,18645,, DROXY 25MG 30CP,,,30049069,,Subs. Trib,,UN,,1,,28.63,28.63,
,22033,, DRUSOLOL 20MG+5MG/ML COL 5ML,,,30049079,,Subs. Trib,,UN,,1,,84.3,84.3,
,84491,, DTN FOL 400MCG+10MG 90CAP GEL,,,30049099,,Subs. Trib,,UN,,1,,81.27,81.27,
,42828,, DUOFLAM SUS INJ AMP 1ML,,,30043999,,Subs. Trib,,UN,,2,,24.88,49.76,
,13913,, EBASTEL 1MG/ML XPE 60ML,,,30049069,,Subs. Trib,,UN,,1,,66.66,66.66,
,83537,, ECOFILM 5MG/ML COL 5ML,,,30049099,,Subs. Trib,,UN,,2,,17.65,35.3,
,21730,," EMISTIN 1MG+0,5MG 20CP",,,30043929,,Subs. Trib,,UN,,1,,17.89,17.89,
,20679,, EMISTIN CR DERM 20G,,,30043929,,Subs. Trib,,UN,,2,,11.36,22.72,
,20246,, EMSCORT CR DERM 30G,,,30049099,,Subs. Trib,,UN,,3,,10.94,32.82,
,20409,, EMSCORT POM DERM 30G,,,30049099,,Subs. Trib,,UN,,3,,11.32,33.96,
,85017,, EMULSAO SCOTT LAR 200ML,,,21069030,,Subs. Trib,,UN,,1,,20.07,20.07,
,85836,, EMULSAO SCOTT LAR 400ML,,,21069030,,Subs. Trib,,UN,,1,,32.44,32.44,
,18551,, ENALAPRIL 10MG 30CP,,,30049067,,Subs. Trib,,UN,,11,,2.15,23.65,
,18552,, ENALAPRIL 20MG 30CP,,,30049099,,Subs. Trib,,UN,,10,,3.97,39.7,
,20156,, ENALAPRIL 20MG 30CP,,,30049099,,Subs. Trib,,UN,,13,,4.36,56.68,
,20154,, ENALAPRIL 5MG 30CP,,,30049099,,Subs. Trib,,UN,,7,,3.88,27.16,
,84823,, ENALAPRIL 5MG 30CP,,,30049067,,Subs. Trib,,UN,,8,,2.43,19.44,
,88125,, ENERGRIP C 1G 10CP EFERV,,,21069030,,Subs. Trib,,UN,,8,,3.93,31.44,
,88126,, ENERGRIP C TR AC 10CP EFERV,,,21069030,,Subs. Trib,,UN,,23,,5.71,131.33,
,88557,, ENERGRIP C+ZINCO 1G+10MG 10CP,,,21069030,,Subs. Trib,,UN,,21,,3.74,78.54,
,87587,, ENGOV AFTER CIT 250ML,,,22029900,,Subs. Trib,,UN,,4,,6.08,24.32,
,88811,, ENGOV AFTER PIN LEM 250ML,,,22029900,,Subs. Trib,,UN,,3,,10.37,31.11,
,87588,, ENGOV AFTER TAN 250ML,,,22029900,,Subs. Trib,,UN,,1,,7.48,7.48,
,29088,, ENGOV ENV 6UN,,,30049099,,Subs. Trib,,UN,,30,,8.27,248.1,
,9545,, ENTEROGERMINA 10FLAC 5ML,,,21069030,,Subs. Trib,,UN,,3,,40.28,120.84,
,88881,, ENTEROGERMINA 5FLAC 5ML,,,21069030,,Subs. Trib,,UN,,3,,24.28,72.84,
,16517,, ENXAK 12CP,,,30044990,,Subs. Trib,,UN,,5,,11.52,57.6,
,29092,, EPOCLER ABACAXI FLAC 10ML,,,30049099,,Subs. Trib,,UN,,36,,3.4,122.4,
,18199,, ESOGASTRO IBP 7DIAS 84CAP+CP,,,30049099,,Subs. Trib,,UN,,1,,285.55,285.55,
,17826,, ESOMEPRAZOL MAG 20MG 28CP REV,,,30049069,,Subs. Trib,,UN,,2,,25.42,50.84,
,18460,, ESOMEPRAZOL MAG 20MG 28CP REV,,,30049099,,Subs. Trib,,UN,,1,,27.81,27.81,
,88880,, ESOMEPRAZOL XR 40MG 28CAP L.R,,,30049099,,Subs. Trib,,UN,,1,,50.3,50.3,
,18467,, ESOP 40MG 28CP REV L.R,,,30049099,,Subs. Trib,,UN,,1,,49.97,49.97,
,14227,, ESPIRONOLACTONA 25MG 30CP,,,30049099,,Subs. Trib,,UN,,1,,9.18,9.18,
,14225,, ESPIRONOLACTONA 50MG 30CP,,,30043220,,Subs. Trib,,UN,,2,,18.29,36.58,
,20536,, ESPIRONOLACTONA 50MG 30CP,,,30043220,,Subs. Trib,,UN,,1,,23.53,23.53,
,88726,, ESTOMAZIL S/SA PO EFERV 6UN 5G,,,30049099,,Subs. Trib,,UN,,1,,1.65,1.65,
,84656,, ESTRIOL 1MG/G CR DERM APL 50G,,,30043933,,Subs. Trib,,UN,,1,,32.14,32.14,
,35692,," EXFORGE HCT160MG+12,5MG+10MG28",,,30049069,,Subs. Trib,,UN,,1,,181.38,181.38,
,88452,, EXOMUC KIDS XPE 120ML,,,21069090,,Subs. Trib,,UN,,2,,13.19,26.38,
,21757,, EXPEC XPE 120ML,,,30049029,,Subs. Trib,,UN,,438,,19.23,8422.74,
,86936,," EXPECVEM 13,33MG/ML XPE 120ML",,,30049099,,Subs. Trib,,UN,,4,,8.8,35.2,
,85651,, FACOBA 5MG+1MG/ML COL 5ML,,,30049099,,Subs. Trib,,UN,,2,,39.6,79.2,
,88625,, FARMADI A-Z HOMEM 50+ 60CAP,,,21069030,,Subs. Trib,,UN,,2,,20.99,41.98,
,88454,, FARMADI A-Z HOMEM 60CAP,,,21069030,,Subs. Trib,,UN,,2,,19.99,39.98,
,88626,, FARMADI A-Z MULHER +50 60CAP,,,21069030,,Subs. Trib,,UN,,2,,23,46,
,88455,, FARMADI A-Z MULHER 60CAP,,,21069030,,Subs. Trib,,UN,,1,,23.03,23.03,
,88717,, FARMADI BC KIDS 240 ML SABOR F,,,21069030,,Subs. Trib,,UN,,4,,17.61,70.44,
,87712,, FARMADI BIOTINA 60CAP,,,12119090,,Subs. Trib,,UN,,1,,22.9,22.9,
,88456,, FARMADI CABELOS E UNHAS 60 CAP,,,21069030,,Subs. Trib,,UN,,1,,25.17,25.17,
,88182,, FARMADI CALCIO 600MG 60CAP,,,21069030,,Subs. Trib,,UN,,2,,19.73,39.46,
,87713,, FARMADI CLORETO MAG PA 60CAP,,,21069030,,Subs. Trib,,UN,,1,,19.79,19.79,
,87232,, FARMADI COENZIMA Q10 100MG 60C,,,12119090,,Subs. Trib,,UN,,2,,36.45,72.9,
,87233,, FARMADI COENZIMA Q10 200MG 60C,,,12119090,,Subs. Trib,,UN,,3,,47.53,142.59,
,88953,, FARMADI COL TIPO II MAX 60CAP,,,21069030,,Subs. Trib,,UN,,1,,32.9,32.9,
,88338,, FARMADI COL VER 60CAP,,,21069030,,Subs. Trib,,UN,,3,,36.18,108.54,
,87767,, FARMADI COL+VIT 60CAP,,,21069030,,Subs. Trib,,UN,,3,,30.68,92.04,
,88339,, FARMADI COLAG TIPO II 40MG 60C,,,21069030,,Subs. Trib,,UN,,1,,32.9,32.9,
,88138,, FARMADI D 500 500MG+400UI 60CA,,,21069030,,Subs. Trib,,UN,,1,,16.99,16.99,
,87234,, FARMADI DI MEMORY BOOST C/60 C,,,21069030,,Subs. Trib,,UN,,1,,35.35,35.35,
,88305,, FARMADI FERRO+AC FOL+B12 60CAP,,,21069030,,Subs. Trib,,UN,,1,,20.75,20.75,
,88671,, FARMADI FLORA 200MI 15CAP,,,21069030,,Subs. Trib,,UN,,3,,14.99,44.97,
,88869,, FARMADI FLORA 200MI. C/6 SACHE,,,21069030,,Subs. Trib,,UN,,3,,14.26,42.78,
,88955,, FARMADI FLORA 5BI 15CAP,,,21069030,,Subs. Trib,,UN,,2,,19.9,39.8,
,88956,, FARMADI FLORA 5BI. C/6 SACHES,,,21069030,,Subs. Trib,,UN,,2,,21.83,43.66,
,88227,, FARMADI GESTANTE 60CAP,,,21069030,,Subs. Trib,,UN,,2,,18.99,37.98,
,88257,, FARMADI GUMM HAIR 3OR 30GOM,,,21069030,,Subs. Trib,,UN,,1,,40.58,40.58,
,88457,, FARMADI HAIR PREMIUM C/60 CAPS,,,21069030,,Subs. Trib,,UN,,2,,40.49,80.98,
,88458,, FARMADI KIDS C/30 CPRS.MAST. M,,,21069030,,Subs. Trib,,UN,,2,,21.97,43.94,
,88399,, FARMADI KIDS LIQ 240ML,,,21069030,,Subs. Trib,,UN,,2,,16.49,32.98,
,88718,, FARMADI LACTANTE 30CAP,,,21069030,,Subs. Trib,,UN,,2,,18.9,37.8,
,88627,, FARMADI LARANJA MORO C/60 (FAR,,,21069030,,Subs. Trib,,UN,,1,,54.74,54.74,
,88459,, FARMADI OLEO DE PRIMULA 60CAP,,,21069030,,Subs. Trib,,UN,,1,,24.02,24.02,
,87770,, FARMADI OMEGA 3 1000MG 120CAP,,,21069030,,Subs. Trib,,UN,,1,,29.58,29.58,
,87236,, FARMADI OMEGA 3 1000MG 60CAP,,,21069030,,Subs. Trib,,UN,,1,,17.72,17.72,
,88499,, FARMADI OMEGA 369 C/60 CAPS (F,,,21069030,,Subs. Trib,,UN,,1,,26.23,26.23,
,87769,, FARMADI OMEGA A-Z 30CAP,,,21069030,,Subs. Trib,,UN,,1,,23.03,23.03,
,88807,, FARMADI PAULLINIA CUPANA 60CAP,,,21069030,,Subs. Trib,,UN,,2,,23.9,47.8,
,88460,, FARMADI XAROPE IMUNE 120ML (FA,,,21069030,,Subs. Trib,,UN,,1,,17.58,17.58,
,88400,, FARMADI ZINCO QUELATO C/60 CAP,,,21069030,,Subs. Trib,,UN,,4,,20.88,83.52,
,85221,, FENAFLEX ODC 20CP,,,30049099,,Subs. Trib,,UN,,7,,5.2,36.4,
,86497,," FEND CLOPERAST 3,54MG/ML XPE",,,30049099,,Subs. Trib,,UN,,1,,20.11,20.11,
,28067,, FENERGAN 25MG 20DRG,,,30049079,,Subs. Trib,,UN,,1,,17.32,17.32,
,14537,," FENTICONAZOL 0,02G/G CR VAG 40",,,30049069,,Subs. Trib,,UN,,1,,21.21,21.21,
,21108,," FENTICONAZOL 0,02G/G CR VAG 40",,,30049099,,Subs. Trib,,UN,,1,,20.76,20.76,
,21840,, FERID POM DERM 10G,,,30042099,,Subs. Trib,,UN,,9,,5.14,46.26,
,87850,, FERRO QUELATO+VITAMINA-C C/30,,,21069030,,Subs. Trib,,UN,,2,,20.9,41.8,
,30875,, FERRONIL 40MG 50CP REV,,,30049099,,Subs. Trib,,UN,,1,,6.45,6.45,
,85546,, FEXOFENADINA 120MG 10CP REV,,,30049099,,Subs. Trib,,UN,,7,,7.75,54.25,
,86735,, FEXOFENADINA 180MG 10CP REV,,,30049099,,Subs. Trib,,UN,,2,,11.43,22.86,
,86465,, FEXOFENADINA 6MG/ML LIQ 60ML,,,30049099,,Subs. Trib,,UN,,6,,14.71,88.26,
,88556,, FEXOFENADINA 6MG/ML LIQ 60ML,,,30049099,,Subs. Trib,,UN,,6,,11.39,68.34,
,87724,, FIBERDAY PLUS S/SAB PO 10SAC,,,21069030,,Subs. Trib,,UN,,2,,23.66,47.32,
,85148,, FIGARENA LIQ 200ML,,,21069030,,Subs. Trib,,UN,,1,,17.3,17.3,
,31156,, FINASTERIDA 1MG 30CP REV,,,30049069,,Subs. Trib,,UN,,3,,11.51,34.53,
,87783,, FINASTERIDA 1MG 30CP REV,,,30049099,,Subs. Trib,,UN,,2,,6.56,13.12,
,30712,, FINASTERIDA 5MG 30CP REV,,,30049099,,Subs. Trib,,UN,,2,,12.02,24.04,
,85756,, FITOBILOBA 80MG 30CP REV,,,30049099,,Subs. Trib,,UN,,1,,13.14,13.14,
,52760,, FLAGIMAX 40MG/ML LIQ 100ML,,,30049066,,Subs. Trib,,UN,,1,,11.04,11.04,
,20650,, FLAMADOR 50MG 24CAP,,,30049099,,Subs. Trib,,UN,,3,,11.74,35.22,
,41511,, FLANCOX 300MG 14CP REV,,,30049079,,Subs. Trib,,UN,,4,,25.38,101.52,
,41515,, FLANCOX 400MG 10CP REV,,,30049079,,Subs. Trib,,UN,,1,,22.64,22.64,
,41513,, FLANCOX 500MG 14CP REV,,,30049079,,Subs. Trib,,UN,,3,,36.84,110.52,
,85822,, FLANCOX 600MG 14CP REV,,,30049099,,Subs. Trib,,UN,,2,,52.26,104.52,
,87546,, FLAVONID 900MG+100MG 30CP,,,30049099,,Subs. Trib,,UN,,1,,47.21,47.21,
,87689,, FLAVONID 900MG+100MG 60CP,,,30049099,,Subs. Trib,,UN,,1,,92.53,92.53,
,54611,, FLETOP LOC P/P 200ML,,,33049990,,Subs. Trib,,UN,,3,,51.97,155.91,
,84772,, FLEX ENEMA SOL RETAL 130ML,,,30049099,,Subs. Trib,,UN,,10,,13.08,130.8,
,15129,, FLEXIVE CDM CR DERM 25G,,,30049099,,Subs. Trib,,UN,,1,,36.97,36.97,
,41970,, FLOGO ROSA 50MG/ML LIQ 100ML,,,30049099,,Subs. Trib,,UN,,1,,25.01,25.01,
,42039,," FLOGO ROSA 53,2MG/G 10ENV 9,4G",,,30049099,,Subs. Trib,,UN,,2,,46.25,92.5,
,42036,," FLOGORAL 1,5MG/ML SPR CER 30ML",,,30049099,,Subs. Trib,,UN,,1,,34.67,34.67,
,42047,, FLOGORAL 3MG CER 12PAST,,,30049099,,Subs. Trib,,UN,,2,,14.94,29.88,
,87153,, FLORASTOR 1BILHAO 12CAP,,,21069030,,Subs. Trib,,UN,,2,,10.99,21.98,
,87152,, FLORASTOR 1BILHAO PO 6SAC,,,21069030,,Subs. Trib,,UN,,4,,9.73,38.92,
,85453,, FLORATIL 100MG 12CAP,,,30049099,,Subs. Trib,,UN,,2,,46.49,92.98,
,85628,, FLORATIL 200MG 6CAP,,,30049099,,Subs. Trib,,UN,,2,,43.56,87.12,
,85454,, FLORATIL 200MG/G 4ENV 1G,,,30049099,,Subs. Trib,,UN,,3,,33.37,100.11,
,43138,, FLORAX AD 5FLAC 5ML,,,30049099,,Subs. Trib,,UN,,2,,40.44,80.88,
,87880,, FLORIPA GTS 8ML,,,21069090,,Subs. Trib,,UN,,1,,135.18,135.18,
,87859,, FLUCISTEIN 600MG 10CAP,,,30049099,,Subs. Trib,,UN,,1,,14.9,14.9,
,78274,, FLUCONAZOL 150MG 2CAP,,,30049099,,Subs. Trib,,UN,,48,,1.5,72,
,54785,, FLUCONID 150MG 2CAP GEL DURA,,,30049099,,Subs. Trib,,UN,,2,,1.4,2.8,
,88070,, FLUIAR 600MG 16ENV 5G,,,21069030,,Subs. Trib,,UN,,2,,16.2,32.4,
,88882,," FLUIDSORO 0,5MG GTS 30ML",,,30049099,,Subs. Trib,,UN,,20,,2.85,57,
,22066,, FOLDAN 50MG/G POM DERM 45G,,,30049099,,Subs. Trib,,UN,,1,,29.4,29.4,
,76618,, FOLONIN 5MG 20CP REV,,,30045090,,Subs. Trib,,UN,,4,,3.27,13.08,
,88378,, FONT D 10.000UI 4CP REV,,,30049099,,Subs. Trib,,UN,,2,,7.87,15.74,
,88379,, FONT D 10.000UI 8CP REV,,,30049099,,Subs. Trib,,UN,,1,,9.46,9.46,
,21879,, FONT D 200UI/ML GTS 20ML,,,21069030,,Subs. Trib,,UN,,3,,20.77,62.31,
,88374,, FONT D 5.000UI 30CP REV,,,30045050,,Subs. Trib,,UN,,2,,12.47,24.94,
,88519,, FORFIG 100MG 30CP REV,,,30049094,,Subs. Trib,,UN,,1,,93.52,93.52,
,87195,," FOSMORYL 5,631G/G 1ENV 8G GRAN",,,30049099,,Subs. Trib,,UN,,2,,38.97,77.94,
,18704,," FUCSIA FEM 3MG+0,03MG 21CP REV",,,30049099,,Subs. Trib,,UN,,3,,11,33,
,88354,, FUMASIL 20DH 300MG 60CP OROD,,,30049099,,Subs. Trib,,UN,,1,,61.59,61.59,
,31068,, FUROSEMIDA 40MG 20CP,,,30049076,,Subs. Trib,,UN,,6,,2.26,13.56,
,88970,, FUROSEMIDA 40MG 30CP,,,30049099,,Subs. Trib,,UN,,5,,4.28,21.4,
,10716,, GARASONE SOL OFT/OTOL 20ML,,,30042061,,Subs. Trib,,UN,,1,,25.19,25.19,
,52789,," GARGOJUICE 1,5MG/ML SPR 30ML",,,30049099,,Subs. Trib,,UN,,2,,9.57,19.14,
,52693,, GARGOJUICE 3MG 12PAST,,,30049099,,Subs. Trib,,UN,,1,,6.31,6.31,
,84059,, GASTROGEL 20CP MAST,,,30049099,,Subs. Trib,,UN,,2,,9.35,18.7,
,45416,, GASTROGEL LIQ MENT 150ML,,,30049099,,Subs. Trib,,UN,,1,,16.1,16.1,
,52400,, GELNAT 60MG/ML LIQ 240ML,,,30049099,,Subs. Trib,,UN,,5,,12.48,62.4,
,22252,, GELO-BIO POM DERM 20G,,,30049099,,Subs. Trib,,UN,,3,,4.94,14.82,
,29045,, GELOL AER 60ML,,,30049099,,Subs. Trib,,UN,,2,,36.69,73.38,
,29043,, GELOL POM DERM 20G,,,30049099,,Subs. Trib,,UN,,4,,21.13,84.52,
,20774,, GEROVITAL 60CAP MOLE,,,30045090,,Subs. Trib,,UN,,1,,51.22,51.22,
,88673,, GESTAVIT DHA 30CAP,,,21069030,,Subs. Trib,,UN,,1,,56.9,56.9,
,88228,, GESTAVIT PRE-CONCEP 30CP,,,21069030,,Subs. Trib,,UN,,1,,24.07,24.07,
,76630,, GINO COLON CR VAG 7APL 45G,,,30049069,,Subs. Trib,,UN,,1,,14.27,14.27,
,85675,, GINO KOLLAGENASE POM VAG 6APL,,,30049099,,Subs. Trib,,UN,,2,,61.9,123.8,
,76611,, GINO MIZONOL CR VAG 14APL 80G,,,30049066,,Subs. Trib,,UN,,2,,17.61,35.22,
,22240,, GLAUB 2MG/ML COL 5ML,,,30049069,,Subs. Trib,,UN,,1,,62.63,62.63,
,21881,, GLAUB MD 1MG/ML COL 5ML,,,30049069,,Subs. Trib,,UN,,1,,31.3,31.3,
,22231,," GLAUCOTRAT 0,5MG/ML COL 5",,,30049077,,Subs. Trib,,UN,,2,,12.28,24.56,
,43871,, GLIBENCLAMIDA 5MG 30CP,,,30049099,,Subs. Trib,,UN,,6,,1.87,11.22,
,82126,, GLICLAZIDA 30MG 30CP L.P,,,30049099,,Subs. Trib,,UN,,3,,5.62,16.86,
,88908,, GLICLAZIDA 30MG 30CP L.P,,,30049099,,Subs. Trib,,UN,,3,,7.73,23.19,
,84060,, GLICLAZIDA 60MG 30CP L.P,,,30049079,,Subs. Trib,,UN,,4,,27.17,108.68,
,15021,, GLIFAGE 500MG 30CP REV,,,30049049,,Subs. Trib,,UN,,3,,23.12,69.36,
,83406,, GLIFAGE XR 500MG 30CP L.P,,,30049099,,Subs. Trib,,UN,,14,,7.75,108.5,
,55925,, GRIPALCE 10CAP,,,30049099,,Subs. Trib,,UN,,13,,2.98,38.74,
,55923,, GRIPALCE 20CAP,,,30049099,,Subs. Trib,,UN,,18,,5.66,101.88,
,87121,, GRIPALCE ENV 5CAP,,,30049099,,Subs. Trib,,UN,,29,,0.86,24.94,
,88161,, GROW CALCIO BAU LIQ 150ML,,,21069030,,Subs. Trib,,UN,,1,,62.98,62.98,
,78028,, GUACO 35MG/ML XPE 100ML,,,30044990,,Subs. Trib,,UN,,1,,7.21,7.21,
,83984,, GYNOTRAN 750MG+200MG 7OVUL 14,,,30049066,,Subs. Trib,,UN,,1,,97.43,97.43,
,30785,, HELMIZOL 250MG 20CP,,,30049066,,Subs. Trib,,UN,,3,,4.33,12.99,
,30701,, HELMIZOL 400MG 24CP,,,30049066,,Subs. Trib,,UN,,4,,8.55,34.2,
,86679,, HEMODASE POM 1APL 25G,,,30049099,,Subs. Trib,,UN,,3,,10.36,31.08,
,85953,, HEMODASE POM 6APL 25G,,,30049099,,Subs. Trib,,UN,,3,,15.72,47.16,
,54862,, HEPATOVIT ABACAXI FLAC 10ML,,,30049099,,Subs. Trib,,UN,,44,,0.68,29.92,
,54863,, HEPATOVIT BOLDO FLAC 10ML,,,21069090,,Subs. Trib,,UN,,70,,0.68,47.6,
,9572,," HEXOMEDINE 1MG+0,5MG/ML 30ML",,,30049099,,Subs. Trib,,UN,,1,,59.11,59.11,
,87500,, HIDRA HEALTH AG COC 1SAC 28G,,,21069030,,Subs. Trib,,UN,,14,,85.69,1199.66,
,54612,, HIDRAFEMME GEL HID VAG 24G,,,30067000,,Subs. Trib,,UN,,1,,62.24,62.24,
,85695,," HIDRALI 45 AG COC 4ENV 28,97G",,,30049099,,Subs. Trib,,UN,,1,,9.93,9.93,
,84526,, HIDRALI 45 GUARANA 500ML,,,30049099,,Subs. Trib,,UN,,1,,7.74,7.74,
,84528,, HIDRALI 45 NATURAL 500ML,,,30049099,,Subs. Trib,,UN,,1,,9.12,9.12,
,84530,, HIDRALI 45 UVA 500ML,,,30049099,,Subs. Trib,,UN,,2,,10.41,20.82,
,88940,," HIDRAVITA NAT 4SAC 27,9G",,,21069030,,"20,00",,UN,,2,,7.89,15.78,
,45361,, HIDROCLOROTIAZIDA 25MG 30CP,,,30049099,,Subs. Trib,,UN,,22,,1.53,33.66,
,22187,, HIDROCORTISONA 10MG/G CR 20G,,,30043290,,Subs. Trib,,UN,,5,,8.11,40.55,
,17756,, HIDROQUINONA 40MG/G GEL 30G,,,30049099,,Subs. Trib,,UN,,1,,40.26,40.26,
,86582,," HIDRORAL PO TRAD 4ENV 27,9G",,,30049099,,Subs. Trib,,UN,,2,,7.57,15.14,
,85226,, HIDROXIDO DE ALUM HOR 100ML,,,30049099,,Subs. Trib,,UN,,1,,6.93,6.93,
,17783,, HIDROXIZINA 25MG 30CP,,,30049099,,Subs. Trib,,UN,,1,,27.77,27.77,
,49449,, HIRUDOID 300 GEL DERM 40G,,,30049099,,Subs. Trib,,UN,,2,,34.22,68.44,
,86529,, HISCONGEX 12MG+15MG 12CP REV,,,30049099,,Subs. Trib,,UN,,2,,14.64,29.28,
,43893,," HISTAMIN 0,4MG/ML XPE 100ML",,,30049099,,Subs. Trib,,UN,,3,,11.72,35.16,
,46852,, HIXIZINE 25MG 30CP,,,30049067,,Subs. Trib,,UN,,1,,52.74,52.74,
,46851,, HIXIZINE 2MG/ML XPE 120ML,,,30049067,,Subs. Trib,,UN,,1,,53.72,53.72,
,14038,," HOLMES H 40MG+12,5MG 30CP REV",,,30049079,,Subs. Trib,,UN,,1,,51,51,
,70637,," HORA H UNO 1,5MG 1CP",,,30066000,,Subs. Trib,,UN,,98,,1.68,164.64,
,3253,," HYABAK 0,15% COL 10ML",,,30049099,,Subs. Trib,,UN,,1,,72.54,72.54,
,86503,," HYSTALOR 0,5MG/ML XPE 60ML",,,30049099,,Subs. Trib,,UN,,4,,8.92,35.68,
,76545,, HYSTIN 2MG 20CP,,,30049069,,Subs. Trib,,UN,,6,,1.68,10.08,
,22165,, HYTOS PLUS XPE 100ML,,,30049039,,Subs. Trib,,UN,,1,,22.59,22.59,
,21572,, IBUFLEX 400MG 4CAP GEL,,,30049029,,Subs. Trib,,UN,,20,,3.16,63.2,
,30995,, IBUPRIL 400MG 10CAP GEL,,,30049029,,Subs. Trib,,UN,,6,,5.49,32.94,
,45418,, IBUPROFENO 100MG/ML GTS 20ML,,,30049029,,Subs. Trib,,UN,,33,,2.78,91.74,
,84038,, IBUPROFENO 100MG/ML GTS 20ML,,,30042029,,Subs. Trib,,UN,,1,,2.96,2.96,
,56996,, IBUPROTRAT 20MG/ML LIQ 100,,,30049099,,Subs. Trib,,UN,,3,,11.43,34.29,
,82129,, INALIDE 64MCG SPR 120DOS,,,30049099,,Subs. Trib,,UN,,2,,29.18,58.36,
,81595,," INDAPAMIDA 1,5MG 30CP REV L.P",,,30049099,,Subs. Trib,,UN,,2,,5.84,11.68,
,20310,, INFRALAX 30CP,,,30049045,,Subs. Trib,,UN,,1,,9.52,9.52,
,21064,, INFRALAX C/ 15 CP,,,30049045,,Subs. Trib,,UN,,4,,4.32,17.28,
,22179,, IPRATROPIO SOL INAL 20ML,,,30049099,,Subs. Trib,,UN,,4,,2.74,10.96,
,30566,, IPRATROPIO SOL INAL 20ML,,,30049099,,Subs. Trib,,UN,,4,,2.52,10.08,
,35331,," IRUXOL 0,6U/G+10MG/G POM 15G",,,30049019,,Subs. Trib,,UN,,1,,45.85,45.85,
,18228,, ISORDIL 10MG 30CP,,,30049099,,Subs. Trib,,UN,,3,,10.38,31.14,
,32635,, ISOSSORBIDA 20MG 20CP,,,30049079,,Subs. Trib,,UN,,3,,6.5,19.5,
,85238,, ITRACONAZOL 100MG 4CAP DURA,,,30049099,,Subs. Trib,,UN,,4,,6.59,26.36,
,28982,," IUMI 3MG+0,02MG 72CP REV",,,30066000,,Subs. Trib,,UN,,3,,48.39,145.17,
,54770,, IVERMECTINA 6MG 4CP,,,30049059,,Subs. Trib,,UN,,1,,2.7,2.7,
,88226,, IVERMECTINA 6MG 8CP,,,30049059,,Subs. Trib,,UN,,11,,3.55,39.05,
,54729,, JALAPA D1 GTS 30ML,,,30049099,,Subs. Trib,,UN,,5,,2.88,14.4,
,84718,, JALAPA D1 LIQ 100ML,,,30049099,,Subs. Trib,,UN,,4,,7.75,31,
,84719,, JALAPA D1 LIQ 200ML,,,30049099,,Subs. Trib,,UN,,3,,11.95,35.85,
,41665,, KALOBA 825MG/ML GTS 20ML,,,30049099,,Subs. Trib,,UN,,2,,87.8,175.6,
,84954,, KALONAT SOL DERM 10ML,,,30049099,,Subs. Trib,,UN,,3,,13.23,39.69,
,84040,, KALOSTOP SOL DERM 10ML,,,30049099,,Subs. Trib,,UN,,3,,9.68,29.04,
,54041,, KAOSEC 2MG ENV 4CP,,,30049062,,Subs. Trib,,UN,,29,,1.18,34.22,
,87731,, KELLDRIN GELOICE AER 150ML,,,33049990,,Subs. Trib,,UN,,3,,13.16,39.48,
,88964,, KIT LAVITAN ENER FI/ME 20CP,,,21069030,,Subs. Trib,,UN,,3,,21.67,65.01,
,83986,, KOLLAGENASE+CLOR POM DERM 15G,,,30049019,,Subs. Trib,,UN,,1,,32.09,32.09,
,43148,, KRONEL GEL VAG+10APL 60G,,,30049099,,Subs. Trib,,UN,,1,,108.8,108.8,
,60230,, LABCAINA 20MG/G GEL 100BISN 30,,,30049043,,Subs. Trib,,UN,,3,,10.1,30.3,
,41496,, LABIRIN 16MG 30CP,,,30049099,,Subs. Trib,,UN,,1,,20.11,20.11,
,41534,, LABIRIN 24MG 30CP,,,30049099,,Subs. Trib,,UN,,1,,28.87,28.87,
,41495,, LABIRIN 8MG 30CP,,,30049099,,Subs. Trib,,UN,,1,,30.63,30.63,
,86203,, LACRIMA PLUS COL 15ML,,,30049099,,Subs. Trib,,UN,,1,,35.22,35.22,
,18697,, LACTANON 10.000FCC 30TAB DISP,,,21069030,,Subs. Trib,,UN,,3,,29.64,88.92,
,29090,, LACTO PURGA 5MG ENV 6CP REV,,,30049099,,Subs. Trib,,UN,,23,,4.73,108.79,
,86657,, LACTULOSE AME XPE 120ML,,,21069030,,Subs. Trib,,UN,,2,,7.5,15,
,86677,, LACTULOSE FR VERM XPE 120ML,,,21069030,,Subs. Trib,,UN,,5,,6.98,34.9,
,88017,," LAGRIMALIV 0,10% COL 15ML",,,33079000,,Subs. Trib,,UN,,2,,19.73,39.46,
,53064,, LAVITAN A-Z 60CP REV,,,21069030,,Subs. Trib,,UN,,12,,14.2,170.4,
,53063,, LAVITAN A-Z MULHER 60CP REV,,,21069030,,Subs. Trib,,UN,,9,,13.11,117.99,
,53239,, LAVITAN A-Z+MULHER 90CP REV,,,21069030,,Subs. Trib,,UN,,12,,20.9,250.8,
,53106,, LAVITAN HAIR 30CAP,,,21069030,,Subs. Trib,,UN,,12,,7.64,91.68,
,53276,, LAVITAN KIDS TUT FR LIQ 240ML,,,21069030,,Subs. Trib,,UN,,5,,8.99,44.95,
,84258,, LAVITAN KIDS TUT FRUT 60CP MA,,,21069030,,Subs. Trib,,UN,,3,,10.92,32.76,
,53251,, LAVITAN MAIS HAIR 60CAP,,,21069030,,Subs. Trib,,UN,,9,,9.83,88.47,
,85923,, LAVITAN MELATONINA MAR 90CP,,,21069030,,Subs. Trib,,UN,,12,,18.75,225,
,88963,, LAVITAN MULHER 50+ 60CP REV,,,21069030,,Subs. Trib,,UN,,3,,18.15,54.45,
,34723,, LEITE DE MAG ADV TRAD 100ML,,,30049099,,Subs. Trib,,UN,,3,,5.28,15.84,
,88294,, LEITE DE MAG UNIPHAR TRAD 120M,,,30049099,,Subs. Trib,,UN,,5,,5.28,26.4,
,87428,," LEVANLODIPINO 2,5MG 30CP",,,30049099,,Subs. Trib,,UN,,5,,21.55,107.75,
,31321,," LEVEL 0,100MG+0,020MG 63CP REV",,,30066000,,Subs. Trib,,UN,,3,,23.52,70.56,
,85038,, LEVOCETIRIZINA 5MG 10CP REV,,,30049099,,Subs. Trib,,UN,,17,,12,204,
,14150,, LEVOFLOXACINO 500MG 10CP REV,,,30043981,,Subs. Trib,,UN,,1,,10.66,10.66,
,76839,, LEVOFLOXACINO 500MG 7CP REV,,,30049099,,Subs. Trib,,UN,,4,,12.92,51.68,
,82034,, LEVOFLOXACINO 750MG 5CP REV,,,30049099,,Subs. Trib,,UN,,2,,17.37,34.74,
,84945,, LEVOFLOXACINO 750MG 7CP REV,,,30049099,,Subs. Trib,,UN,,2,,26.04,52.08,
,88420,, LEVOFLOXACINO 750MG 7CP REV,,,30049099,,Subs. Trib,,UN,,1,,22.54,22.54,
,42113,, LEVOID 88MCG 30CP,,,30043981,,Subs. Trib,,UN,,3,,18.29,54.87,
,15096,, LEVOTIROXINA SOD 100MCG 30CP,,,30043981,,Subs. Trib,,UN,,2,,8.23,16.46,
,15097,, LEVOTIROXINA SOD 112MCG 30CP,,,30049099,,Subs. Trib,,UN,,1,,17.34,17.34,
,15099,, LEVOTIROXINA SOD 150MCG 30CP,,,30043981,,Subs. Trib,,UN,,2,,12.6,25.2,
,15092,, LEVOTIROXINA SOD 25MCG 30CP,,,30043981,,Subs. Trib,,UN,,2,,9.56,19.12,
,15094,, LEVOTIROXINA SOD 75MCG 30CP,,,30043981,,Subs. Trib,,UN,,1,,11.56,11.56,
,30740,, LEXIN 500MG 10CP,,,30042052,,Subs. Trib,,UN,,6,,8.35,50.1,
,58372,, LIDIAL 50MG/G POM DERM 25G,,,30049043,,Subs. Trib,,UN,,4,,7.88,31.52,
,20943,, LIDOCAINA 50MG/G POM DERM 25G,,,30049043,,Subs. Trib,,UN,,1,,6.51,6.51,
,85828,, LIMP LENT 350+120ML 2UN,,,33079000,,Subs. Trib,,UN,,1,,30.76,30.76,
,85400,, LIRIS 5MG/ML COL 10ML,,,30049099,,Subs. Trib,,UN,,1,,34.64,34.64,
,49051,, LISADOR 16CP,,,30049099,,Subs. Trib,,UN,,2,,40.39,80.78,
,29271,, LISADOR DIP 1G 10CP,,,30049069,,Subs. Trib,,UN,,2,,21.35,42.7,
,88725,, LISADOR DIP GTS 20ML,,,30049099,,Subs. Trib,,UN,,1,,21.61,21.61,
,65735,, LISON 120MG 30CP REV,,,30049099,,Subs. Trib,,UN,,1,,29.08,29.08,
,41474,, LITOCIT 1080MG 60CP L.P,,,30049029,,Subs. Trib,,UN,,1,,69.24,69.24,
,54986,, LOPERAMIDA 2MG 12CP,,,30049099,,Subs. Trib,,UN,,4,,2.54,10.16,
,86756,, LOPERAMIDA 2MG ENV 4CP,,,30049099,,Subs. Trib,,UN,,100,,0.46,46,
,57569,, LOSARTANA POT 50MG 30CP REV,,,30049069,,Subs. Trib,,UN,,51,,1.78,90.78,
,88638,, LOSARTANA+HCTZ 100MG+25MG 30CP,,,30049099,,Subs. Trib,,UN,,4,,11.35,45.4,
,51421,," LOSARTANA+HCTZ 50MG+12,5MG 30C",,,30049099,,Subs. Trib,,UN,,8,,6.91,55.28,
,87470,," LOSARTANA+HCTZ 50MG+12,5MG 30C",,,30049069,,Subs. Trib,,UN,,4,,32.03,128.12,
,49471,, LOXONIN 60MG 15CP,,,30049029,,Subs. Trib,,UN,,1,,32.14,32.14,
,30790,, LOZAN 200MG 30CP,,,30049077,,Subs. Trib,,UN,,1,,11.57,11.57,
,8684,, LUFTAGASTROPRO 12SAC 10ML,,,30049099,,Subs. Trib,,UN,,3,,4.17,12.51,
,88938,, LUFTAGASTROPRO DUP AC 12SAC 10,,,30049099,,Subs. Trib,,UN,,12,,3.18,38.16,
,24220,, LUFTAL 40MG 20CP,,,30049099,,Subs. Trib,,UN,,1,,40.15,40.15,
,24252,, LUFTAL 75MG/ML CER GTS 15ML,,,30049099,,Subs. Trib,,UN,,5,,28.11,140.55,
,84160,, LUFTAL 75MG/ML GTS INF 15ML,,,30049099,,Subs. Trib,,UN,,3,,36.14,108.42,
,18659,, LUMIDERM 40MG/G GEL DERM 30G,,,30049099,,Subs. Trib,,UN,,1,,44.66,44.66,
,10654,, MACRODANTINA 100MG 28CAP DURA,,,30042079,,Subs. Trib,,UN,,2,,13.79,27.58,
,88461,, MAG FORT 30CAP,,,21069030,,Subs. Trib,,UN,,2,,24.9,49.8,
,55302,, MAGNAZIA LIQ 240ML,,,30049099,,Subs. Trib,,UN,,2,,11.58,23.16,
,86480,, MAGNESIA BISUR MENT ENV 10PAST,,,30049099,,Subs. Trib,,UN,,18,,10.43,187.74,
,88496,, MAGNESIO DIM 500MG 60CAP,,,21069030,,Subs. Trib,,UN,,3,,13.9,41.7,
,85867,, MANAFIBRAS KIDS LIQ 30ML,,,21069030,,Subs. Trib,,UN,,7,,4.5,31.5,
,54554,," MAREVAN 2,5MG 60CP",,,30049099,,Subs. Trib,,UN,,1,,28.33,28.33,
,44162,, MASSAGEOL AER 120ML,,,30049099,,Subs. Trib,,UN,,2,,17.32,34.64,
,43999,, MASSAGEOL POM DERM 30G,,,30049099,,Subs. Trib,,UN,,4,,7.57,30.28,
,83523,, MATERNA 30CP REV,,,21069030,,Subs. Trib,,UN,,1,,48.93,48.93,
,85150,, MATERNITY GEST 60CAP,,,21069030,,Subs. Trib,,UN,,3,,22.41,67.23,
,87056,, MAXIBELL COL 10ML,,,30049099,,Subs. Trib,,UN,,2,,15.02,30.04,
,40913,," MAXIDEX 1MG/G POM OFT 3,5G",,,30043210,,Subs. Trib,,UN,,1,,33.45,33.45,
,32451,," MAXIFLOX 3,5MG/G POM OFT 3,5G",,,30049069,,Subs. Trib,,UN,,7,,34.7,242.9,
,40860,, MAXITROL COL 5ML,,,30045090,,Subs. Trib,,UN,,2,,19.96,39.92,
,49038,, MAXSULID 400MG 10CP,,,30049099,,Subs. Trib,,UN,,3,,40.82,122.46,
,41528,, MECLIN 50MG 15CP,,,30049069,,Subs. Trib,,UN,,1,,44.84,44.84,
,86414,, MECLIN JET 25MG 10CP MAST,,,30049099,,Subs. Trib,,UN,,4,,14.7,58.8,
,86501,, MECLIN JET 50MG 10CP MAST,,,30049099,,Subs. Trib,,UN,,2,,26.22,52.44,
,86775,, MECOBE 1000MCG 30CP SUBL,,,30049099,,Subs. Trib,,UN,,1,,39.97,39.97,
,87099,, MECOBE 1000MCG 90CP SUBL,,,30049099,,Subs. Trib,,UN,,1,,107.25,107.25,
,85659,, MEFLAGIN 400MG 20CP REV,,,30049099,,Subs. Trib,,UN,,7,,8,56,
,83688,, MEL ROSADO LIQ 30ML,,,30049099,,Subs. Trib,,UN,,2,,5.24,10.48,
,24694,, MELAGRIAO XPE 150ML,,,30044990,,Subs. Trib,,UN,,6,,17.46,104.76,
,88307,," MELATONINA 0,21MG MAR GTS 20ML",,,21069030,,Subs. Trib,,UN,,4,,10.05,40.2,
,87382,, MELATONINA 210MCG MAR GTS 20M,,,21069030,,Subs. Trib,,UN,,1,,9.77,9.77,
,88527,, MELATONINA 500DOSES 20ML,,,21069030,,Subs. Trib,,UN,,4,,7.9,31.6,
,14273,, MELOCOX 15MG 10CP,,,30049079,,Subs. Trib,,UN,,1,,38.87,38.87,
,70947,, MELOXICAM 15MG 10CP,,,30049079,,Subs. Trib,,UN,,6,,1.97,11.82,
,57400,, METFORMINA 500MG 30CP REV,,,30049049,,Subs. Trib,,UN,,14,,2.83,39.62,
,57401,, METFORMINA 850MG 30CP REV,,,30049049,,Subs. Trib,,UN,,2,,4.26,8.52,
,20221,, METILDOPA 500MG 30CP REV,,,30049035,,Subs. Trib,,UN,,2,,38.44,76.88,
,86632,, METOCLOPRAMIDA 10MG 20CP,,,30049099,,Subs. Trib,,UN,,5,,4.58,22.9,
,86140,, METOPROLOL 100MG 30CP REV L.P,,,30049099,,Subs. Trib,,UN,,2,,33.75,67.5,
,74150,, METOPROLOL 25MG 30CP REV L.P,,,30049039,,Subs. Trib,,UN,,1,,16.04,16.04,
,74154,, METOPROLOL 50MG 30CP REV L.P,,,30049039,,Subs. Trib,,UN,,2,,24.59,49.18,
,52778,, METRONIDAZOL GEL VAG 10APL 50G,,,30049099,,Subs. Trib,,UN,,2,,15.05,30.1,
,57465,, MICONAZOL 20MG/G CR DERM 28G,,,30049066,,Subs. Trib,,UN,,4,,5.47,21.88,
,86773,, MICONAZOL CR VAG 14APL 80G,,,30049099,,Subs. Trib,,UN,,2,,12.88,25.76,
,86182,," MICROVLAR 0,15MG+0,03MG 63DRG",,,30066000,,Subs. Trib,,UN,,8,,8.13,65.04,
,67,, MINANCORA POM DERM 30G,,,30049099,,Subs. Trib,,UN,,2,,15.76,31.52,
,86142,," MINILAX PED SOL RETAL 7BIS 6,5",,,30049099,,Subs. Trib,,UN,,2,,51.78,103.56,
,85413,," MINILAX SOL RETAL 7BISN 6,5G",,,30049099,,Subs. Trib,,UN,,1,,48.62,48.62,
,88128,, MINOXIDIL 50MG/ML SPR 100ML,,,30049099,,Subs. Trib,,UN,,1,,42.18,42.18,
,86686,, MINOXIDIL 50MG/ML SPR 50ML,,,30049099,,Subs. Trib,,UN,,1,,28.78,28.78,
,41530,, MIOSAN 10MG 10CP REV,,,30049039,,Subs. Trib,,UN,,1,,9.1,9.1,
,41529,, MIOSAN 5MG 10CP REV,,,30049039,,Subs. Trib,,UN,,2,,11.07,22.14,
,41549,, MIOSAN CAF 10MG+60MG 15CP REV,,,30049039,,Subs. Trib,,UN,,1,,26.09,26.09,
,41548,, MIOSAN CAF 5MG+30MG 15CP REV,,,30049039,,Subs. Trib,,UN,,1,,25.12,25.12,
,85630,, MIRACALCIO 500MG+400UI 60CP,,,30049099,,Subs. Trib,,UN,,4,,22.3,89.2,
,42106,, MIRTAX 5MG 15CP REV,,,30049039,,Subs. Trib,,UN,,2,,17.86,35.72,
,32455,, MIRUGELL COL 5ML,,,30049099,,Subs. Trib,,UN,,3,,19.98,59.94,
,20710,, MOMETASONA 1MG/G CR DERM 20G,,,30049099,,Subs. Trib,,UN,,3,,14.54,43.62,
,86169,, MOMETASONA 50MCG SPR 60D,,,30049099,,Subs. Trib,,UN,,2,,24.91,49.82,
,32641,, MONONITRATO DE ISOSSORBIDA 20,,,30049099,,Subs. Trib,,UN,,1,,7.23,7.23,
,32919,, MONTELUCASTE DE SOD 10MG 10CP,,,30049079,,Subs. Trib,,UN,,2,,12.4,24.8,
,31046,, MONTELUCASTE DE SOD 10MG 30CP,,,30049069,,Subs. Trib,,UN,,1,,61.37,61.37,
,85504,, MONTELUCASTE DE SOD 10MG 30CP,,,30049069,,Subs. Trib,,UN,,1,,15.73,15.73,
,88072,, MONTELUCASTE DE SOD 4MG 30CP,,,30049099,,Subs. Trib,,UN,,3,,12.03,36.09,
,88073,, MONTELUCASTE DE SOD 5MG 30CP,,,30049099,,Subs. Trib,,UN,,13,,13.27,172.51,
,55254,," MONURIL 5,631G/G 1ENV 8G GRAN",,,30042099,,Subs. Trib,,UN,,2,,63.87,127.74,
,18616,, MOTIRIDONA 10MG 60CP,,,30049099,,Subs. Trib,,UN,,5,,5.86,29.3,
,22089,, MUCOFAN 50MG/ML XPE AD 100ML,,,30049057,,Subs. Trib,,UN,,2,,16.93,33.86,
,88854,, MUCOS EXPEC 40MG/ML XPE 120ML,,,30049059,,Subs. Trib,,UN,,4,,11.69,46.76,
,14429,, MUD ORAL POM BUC 10G,,,30049099,,Subs. Trib,,UN,,1,,17.17,17.17,
,88442,, MULTI-BI 495MG 10CAP,,,21069030,,Subs. Trib,,UN,,1,,78.2,78.2,
,39364,, MULTIGRIP 20CAP,,,30049045,,Subs. Trib,,UN,,6,,14.89,89.34,
,87424,, MULTIPIRAL 50MG/ML LIQ 100ML,,,30049099,,Subs. Trib,,UN,,5,,6.03,30.15,
,57506,, MUPIROCINA 20MG/G POM DERM 15G,,,30049069,,Subs. Trib,,UN,,1,,23.92,23.92,
,14240,, MUSCULARE 10MG 15CP REV,,,30049039,,Subs. Trib,,UN,,1,,17.66,17.66,
,14243,, MUSCULARE 5MG 15CP REV,,,30049039,,Subs. Trib,,UN,,2,,16.96,33.92,
,28869,, MUVINLAX PO OR LIMAO 20SAC 14G,,,30049099,,Subs. Trib,,UN,,1,,54.01,54.01,
,13627,, MYLANTA PLUS MENT LIQ 240ML,,,30049099,,Subs. Trib,,UN,,2,,50.12,100.24,
,85156,, MYRAFER 100MG/ML GTS 30ML,,,30049099,,Subs. Trib,,UN,,2,,38.55,77.1,
,21744,, NARIDRIN GTS NAS AD 15ML,,,30043929,,Subs. Trib,,UN,,2,,7.12,14.24,
,21745,, NARIDRIN GTS NAS PED 15ML,,,30043929,,Subs. Trib,,UN,,2,,6.34,12.68,
,85061,," NASONEW 0,9% SPR 50ML",,,30049099,,Subs. Trib,,UN,,5,,6.53,32.65,
,85835,, NASONEX 50MCG SPR 60DOS,,,30049099,,Subs. Trib,,UN,,1,,41.37,41.37,
,87142,, NATURELEV GELEIA AME 150G,,,21069030,,Subs. Trib,,UN,,1,,28.47,28.47,
,88344,, NATURELEV GELEIA AME 250G,,,21069030,,Subs. Trib,,UN,,1,,35.03,35.03,
,9496,," NATURETTI 28,9MG+19,5MG 16CAP",,,30049099,,Subs. Trib,,UN,,1,,38.76,38.76,
,88545,, NAUCLOZ 50MG 15CP OROD,,,30049099,,Subs. Trib,,UN,,2,,37.05,74.1,
,88521,, NAUSICALM 50MG 10CAP GEL MOLE,,,30049099,,Subs. Trib,,UN,,3,,8.78,26.34,
,22198,, NAUSICALM B6 GTS 20ML,,,30044990,,Subs. Trib,,UN,,4,,6.1,24.4,
,41671,, NEBACETIN POM DERM 15G,,,30042099,,Subs. Trib,,UN,,1,,25.78,25.78,
,78443,, NEBIVOLOL 5MG 30CP,,,30049039,,Subs. Trib,,UN,,2,,14.48,28.96,
,86961,, NEBIVOLOL 5MG 30CP,,,30049099,,Subs. Trib,,UN,,2,,15.12,30.24,
,85580,, NENE DENT GEL OR 10G,,,30049099,,Subs. Trib,,UN,,9,,19.29,173.61,
,43631,, NEO FEDIPINA 10MG 30CP,,,30049062,,Subs. Trib,,UN,,1,,18.32,18.32,
,43632,, NEO FEDIPINA 20MG 30CP,,,30049099,,Subs. Trib,,UN,,3,,9.37,28.11,
,43907,, NEOCOFLAN AER TOP 85ML,,,30049037,,Subs. Trib,,UN,,3,,14.22,42.66,
,87098,, NEOCOPAN COMP GTS 10ML,,,30049099,,Subs. Trib,,UN,,1,,7.82,7.82,
,86335,, NEOGERMINA 2BILHOES 10FLAC 5ML,,,21069030,,Subs. Trib,,UN,,14,,25,350,
,86368,, NEOGERMINA 4BILHOES 5FLAC 5ML,,,21069030,,Subs. Trib,,UN,,6,,25.3,151.8,
,44140,, NEOLEFRIN 20CP,,,30049069,,Subs. Trib,,UN,,5,,7.66,38.3,
,84004,, NEOLEFRIN DIA 20CP,,,30049099,,Subs. Trib,,UN,,7,,6.89,48.23,
,44099,, NEOLEFRIN XPE 60ML,,,30049099,,Subs. Trib,,UN,,3,,9.29,27.87,
,86617,, NEOMICINA+BACIT POM DERM 10G,,,30049099,,Subs. Trib,,UN,,1,,3.83,3.83,
,57406,, NEOMICINA+BACIT POM DERM 15G,,,30042069,,Subs. Trib,,UN,,1,,3.94,3.94,
,44149,, NEOPIRIDIN SPR 50ML,,,30049069,,Subs. Trib,,UN,,3,,13.11,39.33,
,85431,, NEOSALDINA 20DRG,,,30049099,,Subs. Trib,,UN,,1,,23.02,23.02,
,41734,, NEOSALDINA 30DRG,,,30049099,,Subs. Trib,,UN,,1,,23.18,23.18,
,86207,, NEOSALDINA DIP 1G 10CP,,,30049099,,Subs. Trib,,UN,,1,,14.7,14.7,
,88905,, NEOSALDINA DIP 1G 20CP,,,30049099,,Subs. Trib,,UN,,1,,30.55,30.55,
,88729,, NEOSALDINA MUSC 20CP REV,,,30049099,,Subs. Trib,,UN,,3,,11.43,34.29,
,88906,, NEOSALDINA MUSC 30CP REV,,,30049099,,Subs. Trib,,UN,,2,,16.76,33.52,
,85371,," NEOSORO 0,5MG/ML GTS NAS 30ML",,,30049099,,Subs. Trib,,UN,,30,,4.36,130.8,
,44043,, NEOTOSS 3MG/ML XPE AD 100ML,,,30049069,,Subs. Trib,,UN,,6,,9.15,54.9,
,44044,," NEOTOSS 7,5 MG/5 ML XPE PED 60",,,30049069,,Subs. Trib,,UN,,7,,8.12,56.84,
,86442,, NEOVLAR 63DRG,,,30066000,,Subs. Trib,,UN,,4,,7.49,29.96,
,88502,, NEROLOM KIDS LIQ 240ML,,,21069030,,Subs. Trib,,UN,,2,,16.99,33.98,
,88501,, NEROLOM LARANJA LIQ 480ML,,,21069030,,Subs. Trib,,UN,,1,,28.9,28.9,
,52705,," NEUTOSS 0,48MG/ML XPE 100ML",,,30049039,,Subs. Trib,,UN,,2,,5.02,10.04,
,17901,, NEUTROFER 250MG/ML GTS 30ML,,,30049019,,Subs. Trib,,UN,,2,,54.63,109.26,
,17903,, NEUTROFER 300MG 30CP,,,30049019,,Subs. Trib,,UN,,1,,52.31,52.31,
,17899,, NEUTROFER 500MG 30CP REV,,,30049019,,Subs. Trib,,UN,,2,,75.84,151.68,
,17908,, NEUTROFER FOLICO 30CP REV,,,30049019,,Subs. Trib,,UN,,1,,38.24,38.24,
,36965,, NEVRIX 20CP REV,,,30049099,,Subs. Trib,,UN,,1,,60.65,60.65,
,36966,, NEVRIX SOL INJ IM 3AMP 2ML,,,30049099,,Subs. Trib,,UN,,4,,21.93,87.72,
,85197,, NEXFLEN 550MG 10CP REV,,,30049099,,Subs. Trib,,UN,,23,,11.43,262.89,
,45328,, NIFEDIPRESS RET 20MG 30CP REV,,,30049099,,Subs. Trib,,UN,,2,,5.49,10.98,
,54842,, NIMELIT 50MG/ML GTS 15ML,,,30049079,,Subs. Trib,,UN,,5,,2,10,
,54843,, NIMESULIDA 100MG 12CP,,,30049079,,Subs. Trib,,UN,,9,,1.44,12.96,
,86973,, NIMESULIDA 100MG 12CP,,,30049099,,Subs. Trib,,UN,,49,,1.72,84.28,
,86132,, NISTATINA 100.000UI/ML LIQ 50M,,,30049099,,Subs. Trib,,UN,,4,,7.1,28.4,
,31143,, NISTATINA CR VAG APL 60G,,,30049099,,Subs. Trib,,UN,,1,,11.17,11.17,
,18667,, NISTATINA+OX ZINC POM DERM 60G,,,30049099,,Subs. Trib,,UN,,119,,9.36,1113.84,
,57385,, NISTATINA+OX ZINC POM DERM 60G,,,30042099,,Subs. Trib,,UN,,17,,7.62,129.54,
,82036,, NITAZOXANIDA 20MG/ML SUS 45ML,,,30049099,,Subs. Trib,,UN,,2,,12.08,24.16,
,87363,, NITAZOXANIDA 20MG/ML SUS 45ML,,,30049079,,Subs. Trib,,UN,,2,,12.3,24.6,
,31043,, NITROFURANTOINA 100MG 28CAP D,,,30049079,,Subs. Trib,,UN,,1,,7.6,7.6,
,20676,," NOCICLIN 0,15MG+0,03MG 21CP",,,30066000,,Subs. Trib,,UN,,8,,3.84,30.72,
,14413,, NOEX 100MCG SPR 100DOS,,,30043999,,Subs. Trib,,UN,,2,,61.87,123.74,
,14402,, NOEX 32MCG SPR 120DOS,,,30043999,,Subs. Trib,,UN,,2,,37.5,75,
,14401,, NOEX 50MCG SPR 200DOS,,,30043999,,Subs. Trib,,UN,,2,,62.92,125.84,
,14209,, NOEX 64MCG SPR 120DOS,,,30043999,,Subs. Trib,,UN,,2,,57.79,115.58,
,35025,," NORESTIN 0,35MG 35CP",,,30066000,,Subs. Trib,,UN,,2,,12.1,24.2,
,87328,," NORETISTERONA 0,35MG 35CP",,,30049099,,Subs. Trib,,UN,,2,,7.44,14.88,
,84106,, NORETISTERONA+ESTR AMP 1ML,,,30049099,,Subs. Trib,,UN,,9,,10.41,93.69,
,85151,, NORIFERUM 50MG/ML GTS 30ML,,,21069030,,Subs. Trib,,UN,,2,,14.05,28.1,
,86373,, NORIPURUM 100MG 30CP MAST,,,30049099,,Subs. Trib,,UN,,1,,63.32,63.32,
,41692,, NORIPURUM 10MG/ML XPE 120ML,,,30049099,,Subs. Trib,,UN,,1,,30.24,30.24,
,86443,, NORIPURUM FOLICO 30CP MAST,,,30049099,,Subs. Trib,,UN,,1,,65.35,65.35,
,42345,, NOTUSS TSS 3 MG/ML XPE ADT 120,,,30049099,,Subs. Trib,,UN,,2,,20.21,40.42,
,41887,, NOVACORT CR DERM 30G,,,30049079,,Subs. Trib,,UN,,1,,38.27,38.27,
,41888,, NOVACORT POM DERM 30G,,,30049079,,Subs. Trib,,UN,,1,,36.66,36.66,
,9341,, NOVALGINA 1G 10CP,,,30049069,,Subs. Trib,,UN,,3,,21.51,64.53,
,84375,, NOVALGINA 500MG/ML GTS 10ML,,,30049069,,Subs. Trib,,UN,,2,,14.74,29.48,
,87154,, NOVALGINA 50MG/ML LIQ 100ML,,,30049099,,Subs. Trib,,UN,,4,,39.74,158.96,
,21991,," OCTIFEN 0,25MG/ML COL 5ML",,,30049079,,Subs. Trib,,UN,,2,,31.22,62.44,
,62422,, OLEO DE ALHO 500MG 60CAP,,,21069030,,Subs. Trib,,UN,,1,,16.57,16.57,
,88168,, OLEO DE COCO 1000MG 60CAP,,,21069030,,Subs. Trib,,UN,,1,,32.58,32.58,
,34699,, OLEO MINERAL LIQ 100ML,,,33049990,,Subs. Trib,,UN,,3,,8.8,26.4,
,52401,, OLEO MINERAL LIQ 100ML,,,30049099,,Subs. Trib,,UN,,4,,5.54,22.16,
,88772,, OLMESART+ANL 20MG+5MG 30CP,,,30049099,,Subs. Trib,,UN,,2,,27.01,54.02,
,87566,, OLMESART+ANL 40MG+5MG 30CP,,,30049099,,Subs. Trib,,UN,,4,,27.7,110.8,
,44083,," OLMESART+HCTZ 20MG+12,5MG 30CP",,,30049099,,Subs. Trib,,UN,,3,,17.24,51.72,
,44082,, OLMESART+HCTZ 40MG+25MG 30CP,,,30049099,,Subs. Trib,,UN,,1,,20.19,20.19,
,81572,, OLMESARTANA 20MG 30CP REV,,,30049079,,Subs. Trib,,UN,,1,,13.03,13.03,
,88316,, OLMESARTANA 20MG 30CP REV,,,30049099,,Subs. Trib,,UN,,5,,12.19,60.95,
,87963,, OLMESARTANA 40MG 30CP REV,,,30049079,,Subs. Trib,,UN,,2,,18.48,36.96,
,86801,, OMEGA 3 TR FON 1000MG 60CAP,,,21069030,,Subs. Trib,,UN,,2,,18.76,37.52,
,86745,, OMEGA 3 TRIP FON 1000MG 120CAP,,,21069030,,Subs. Trib,,UN,,1,,27.23,27.23,
,86300,, OMEPRAZOL 20MG 28CAP DURA L.R,,,30049099,,Subs. Trib,,UN,,5,,3.55,17.75,
,55013,, OMEPRAZOL 20MG 56CAP DURA L.R,,,30049069,,Subs. Trib,,UN,,14,,5.21,72.94,
,76635,, ONCICREM A 1MG/G POM 10G,,,30043290,,Subs. Trib,,UN,,4,,5.29,21.16,
,20949,, ONCILEG A 1MG/G POM BUC 10G,,,30049099,,Subs. Trib,,UN,,3,,5.26,15.78,
,20451,, ONCILEG CR DERM 30G,,,30049099,,Subs. Trib,,UN,,2,,13.47,26.94,
,86690,, ONDANSETRONA 4MG 10CP OROD,,,30049099,,Subs. Trib,,UN,,9,,4.22,37.98,
,88430,, ONDANSETRONA 4MG 30CP OROD,,,30049099,,Subs. Trib,,UN,,1,,8.26,8.26,
,87426,, ONDANSETRONA 8MG 10CP OROD,,,30049069,,Subs. Trib,,UN,,10,,7.21,72.1,
,88039,, ONDIF 4MG 10FILM,,,30049099,,Subs. Trib,,UN,,3,,34.46,103.38,
,88040,, ONDIF 8MG 10FILM,,,30049099,,Subs. Trib,,UN,,3,,72.09,216.27,
,86502,, ONDRAU 8MG 10CP OROD,,,30049099,,Subs. Trib,,UN,,9,,10.79,97.11,
,48941,, OPTIVE COL 10ML,,,30049099,,Subs. Trib,,UN,,2,,60.62,121.24,
,83731,, ORLISTATE 120MG 42CAP,,,30049099,,Subs. Trib,,UN,,2,,43.29,86.58,
,54545,, OTO BETNOVATE SOL OTO 10ML,,,30049099,,Subs. Trib,,UN,,1,,28.95,28.95,
,41475,, OTO-XILODASE SOL OTOL 8ML,,,30049043,,Subs. Trib,,UN,,3,,21.94,65.82,
,20392,, OTOMIXYN SOL OTOL 5ML,,,30042099,,Subs. Trib,,UN,,5,,3.64,18.2,
,42478,, OXOTRON 60MG 15CP,,,30049029,,Subs. Trib,,UN,,2,,32.05,64.1,
,32812,, PANTOPRAZOL 20MG 28CP REV L.R,,,30049099,,Subs. Trib,,UN,,6,,4.43,26.58,
,85937,, PANTOPRAZOL 20MG 28CP REV L.R,,,30049099,,Subs. Trib,,UN,,8,,4.88,39.04,
,86974,, PARACETAMOL 500MG 20CP,,,30049045,,Subs. Trib,,UN,,8,,4,32,
,86975,, PARACETAMOL 500MG ENV 10CP REV,,,30049045,,Subs. Trib,,UN,,89,,1.96,174.44,
,45352,, PARACETAMOL 750MG 10CP,,,30049045,,Subs. Trib,,UN,,1,,1.64,1.64,
,87261,, PARACETAMOL 750MG 20CP REV,,,30049045,,Subs. Trib,,UN,,17,,2.54,43.18,
,86361,, PARACETAMOL 750MG ENV 10CP REV,,,30049045,,Subs. Trib,,UN,,52,,2.34,121.68,
,34689,, PASTA D AGUA SIMPLES CR 135G,,,30049099,,Subs. Trib,,UN,,2,,9.02,18.04,
,88504,, PEAMID 300MG 30CP,,,21069030,,Subs. Trib,,UN,,1,,61.9,61.9,
,58147,," PEDIDERM 0,2MG/ML LOC 100ML",,,30049099,,Subs. Trib,,UN,,3,,7.16,21.48,
,87455,," PEG-LAX 3350 14ENV 8,5G",,,30049099,,Subs. Trib,,UN,,1,,45.46,45.46,
,85374,, PEPTINON 30CP REV,,,21069030,,Subs. Trib,,UN,,6,,11.71,70.26,
,87479,, PEPTINON LIQ 100ML,,,21069030,,Subs. Trib,,UN,,3,,6.9,20.7,
,14137,, PERCOF 6MG/ML XPE 120ML,,,30049069,,Subs. Trib,,UN,,1,,40.55,40.55,
,21838,, PERFENOL 20CAP,,,30049049,,Subs. Trib,,UN,,153,,4.36,667.08,
,82293,, PERMANG DE POT 100MG 30CP,,,30049099,,Subs. Trib,,UN,,2,,7.73,15.46,
,52406,, PERMENATI 10MG/ML LOC 60,,,30049021,,Subs. Trib,,UN,,3,,6.06,18.18,
,79115,, PERMESE SUS INJ 1ML,,,30049099,,Subs. Trib,,UN,,2,,23.1,46.2,
,84560,, PETIVIT BC XPE 240ML,,,30049099,,Subs. Trib,,UN,,6,,9.84,59.04,
,22081,," PILEM 0,75MG 2CP",,,30043939,,Subs. Trib,,UN,,1,,2.91,2.91,
,85249,, PIROXICAM 20MG 10CAP,,,30049073,,Subs. Trib,,UN,,5,,5.1,25.5,
,88217,, PITAVASTATINA 2MG 30CP REV,,,30049099,,Subs. Trib,,UN,,2,,51.26,102.52,
,52721,, PLABEL 4 MG/ML GTS 10 ML,,,30049041,,Subs. Trib,,UN,,3,,3.67,11.01,
,85601,, PLENIGELL 5MG/ML COL 5ML,,,30049099,,Subs. Trib,,UN,,4,,25.27,101.08,
,43855,, PLESONAX 5MG 20CP REV,,,30049069,,Subs. Trib,,UN,,12,,2.48,29.76,
,43939,, PLESONAX 5MG ENV 4CP REV,,,30049069,,Subs. Trib,,UN,,23,,1.12,25.76,
,56977,," POLARADEX 0,4MG/ML XPE 100ML",,,30049069,,Subs. Trib,,UN,,5,,5.59,27.95,
,21376,, POLICLAVUMOXIL 875+125MG 14CP,,,30041012,,Subs. Trib,,UN,,3,,43.46,130.38,
,88525,, PONDICILINA LAR 12PAST,,,21069060,,Subs. Trib,,UN,,1,,5.85,5.85,
,21858,, PONDICILINA MEL LIM 12PAST,,,30049099,,Subs. Trib,,UN,,6,,5.86,35.16,
,21860,, PONDICILINA MENTA 12PAST,,,21069060,,Subs. Trib,,UN,,3,,5.85,17.55,
,57482,, PRATIDERM POM DERM 60G,,,30049029,,Subs. Trib,,UN,,2,,9.55,19.1,
,57487,, PREDNISOLONA 3MG/ML LIQ 60ML,,,30049099,,Subs. Trib,,UN,,21,,6.53,137.13,
,86333,, PREDNISOLONA 40MG 7CP,,,30043210,,Subs. Trib,,UN,,1,,11.96,11.96,
,86524,, PREDNISOLONA 40MG 7CP,,,30043999,,Subs. Trib,,UN,,5,,9.7,48.5,
,86511,, PREDNISOLONA 5MG 10CP,,,30049099,,Subs. Trib,,UN,,5,,3.43,17.15,
,57395,, PREDNISONA 20MG 10CP,,,30049099,,Subs. Trib,,UN,,15,,3.79,56.85,
,87892,, PREDNISONA 20MG 20CP,,,30049099,,Subs. Trib,,UN,,2,,5.73,11.46,
,18671,, PREDNISONA 5MG 20CP,,,30043210,,Subs. Trib,,UN,,1,,4.37,4.37,
,57394,, PREDNISONA 5MG 20CP,,,30049099,,Subs. Trib,,UN,,1,,2.71,2.71,
,76752,, PREDOPTIC 10MG/ML COL 5ML,,,30042019,,Subs. Trib,,UN,,2,,12.1,24.2,
,18663,, PREDSIGMA 20MG 10CP,,,30049099,,Subs. Trib,,UN,,2,,5.55,11.1,
,88373,, PREDSIM 10MG 10CP,,,30043999,,Subs. Trib,,UN,,1,,16.07,16.07,
,10664,, PREDSIM 20MG 10CP,,,30043210,,Subs. Trib,,UN,,2,,28.97,57.94,
,10666,, PREDSIM 3MG/ML SOL 30ML,,,30049099,,Subs. Trib,,UN,,1,,33.32,33.32,
,83147,, PREDSIM 40MG 10CP,,,30049099,,Subs. Trib,,UN,,2,,67.28,134.56,
,42146,, PRELONE 11MG/ML GTS 20ML,,,30043999,,Subs. Trib,,UN,,1,,31.34,31.34,
,42029,, PRELONE 20 MG C/ 10 CP,,,30049099,,Subs. Trib,,UN,,2,,26.26,52.52,
,21799,," PREVIANE 0,075MG+0,02MG 63CP",,,30066000,,Subs. Trib,,UN,,12,,8,96,
,14101,, PRIMERA 20 150MCG+20MCG 63CP,,,30043937,,Subs. Trib,,UN,,3,,23,69,
,869,, PRIMERA 30 150MCG+30MCG 63CP,,,30066000,,Subs. Trib,,UN,,3,,23.54,70.62,
,86204,," PRIMOSISTON 2MG+0,01MG 30CP",,,30049099,,Subs. Trib,,UN,,1,,46.96,46.96,
,88462,, PRIMULIV TP 30CAP GEL,,,21069030,,Subs. Trib,,UN,,1,,35,35,
,88022,, PRO-ENTERIN 2BI 10FLAC 10ML,,,21069030,,Subs. Trib,,UN,,6,,15.6,93.6,
,85039,, PROCTFIS H POM 10APL 20G,,,30049099,,Subs. Trib,,UN,,1,,17.48,17.48,
,41612,, PROCTYL POM RET 10APL 30G,,,30049099,,Subs. Trib,,UN,,1,,79.91,79.91,
,30914,, PROFERGAN 25MG 20CP REV,,,30049075,,Subs. Trib,,UN,,5,,3.6,18,
,52416,, PROFIG ABA FLAC 10ML,,,30049099,,Subs. Trib,,UN,,27,,0.59,15.93,
,14143,, PROFLAM 15MG/G CR DERM 30G,,,30049099,,Subs. Trib,,UN,,1,,44.06,44.06,
,52743,, PROMERGAN 20MG/G CR DERM 30G,,,30049075,,Subs. Trib,,UN,,4,,8.34,33.36,
,14549,, PROMESTRIENO CR VAG 20APL 30G,,,30049099,,Subs. Trib,,UN,,2,,45.79,91.58,
,31044,, PROMETAZINA 25MG 20CP REV,,,30049075,,Subs. Trib,,UN,,1,,3.62,3.62,
,43797,," PROPIONATO DE CLOBETASOL 0,5 M",,,30049099,,Subs. Trib,,UN,,1,,6.75,6.75,
,55693,, PROPRANOLOL 40MG 30CP,,,30049099,,Subs. Trib,,UN,,1,,2.17,2.17,
,30923,, PROPRANOLOL 40MG 40CP,,,30049099,,Subs. Trib,,UN,,6,,2.81,16.86,
,42455,, PROVANCE LIMA/LIMAO 10CP MAST,,,21069090,,Subs. Trib,,UN,,1,,40.59,40.59,
,88900,, PROVANCE MINI 360MG 30SAC,,,21069030,,Subs. Trib,,UN,,8,,4.5,36,
,87568,, PROVANCE MINI 360MG 5SAC,,,21069030,,Subs. Trib,,UN,,2,,27.89,55.78,
,17508,," PULMOVIC 13,3MG/ML XPE 120ML",,,30049099,,Subs. Trib,,UN,,4,,13.18,52.72,
,17509,," PULMOVIC 6,667MG/ML XPE 120ML",,,30049099,,Subs. Trib,,UN,,2,,12.98,25.96,
,51559,, PURAN T4 112MCG 30CP,,,30043981,,Subs. Trib,,UN,,2,,26.4,52.8,
,9396,," PURAN T4 12,5MCG 30CP",,,30043981,,Subs. Trib,,UN,,1,,2.11,2.11,
,51528,, PURAN T4 125MCG 30CP,,,30043981,,Subs. Trib,,UN,,3,,21.14,63.42,
,51524,, PURAN T4 150MCG 30CP,,,30043981,,Subs. Trib,,UN,,2,,22.46,44.92,
,51556,, PURAN T4 200MCG 30CP,,,30043981,,Subs. Trib,,UN,,3,,42.16,126.48,
,51521,, PURAN T4 25MCG 30CP,,,30043981,,Subs. Trib,,UN,,3,,15.14,45.42,
,9397,," PURAN T4 37,5MCG 30CP",,,30043981,,Subs. Trib,,UN,,3,,9.03,27.09,
,51523,, PURAN T4 75MCG 30CP,,,30043981,,Subs. Trib,,UN,,1,,17.85,17.85,
,51558,, PURAN T4 88MCG 30CP,,,30043981,,Subs. Trib,,UN,,3,,20.56,61.68,
,87185,, PURAVIT ADZ GTS 10ML,,,21069030,,Subs. Trib,,UN,,1,,43.83,43.83,
,84606,, PURAVIT IMUNE LIQ 75ML,,,21069030,,Subs. Trib,,UN,,1,,54.82,54.82,
,64384,, PURAVIT MULTI LIQ 120ML,,,21069030,,Subs. Trib,,UN,,1,,57.61,57.61,
,16009,, PYRIDIUM 100MG 25DRG,,,30049099,,Subs. Trib,,UN,,3,,24.47,73.41,
,16010,, PYRIDIUM 200MG 18DRG,,,30049099,,Subs. Trib,,UN,,2,,29.08,58.16,
,85881,, PYVERM 100MG 6CP REV,,,30049099,,Subs. Trib,,UN,,1,,27.89,27.89,
,10673,, QUADRIDERM CR DERM 20G,,,30049099,,Subs. Trib,,UN,,1,,49.1,49.1,
,43186,, QUITLIS LIQ 150ML,,,21069030,,Subs. Trib,,UN,,2,,60.24,120.48,
,37225,," RAPILAX 7,5MG/ML GTS 30ML",,,30049099,,Subs. Trib,,UN,,1,,11.48,11.48,
,34355,, REDOXON 1G LAR 10CP EFERV,,,30049099,,Subs. Trib,,UN,,3,,14.63,43.89,
,10112,, REDOXON 200MG/ML GTS 20ML,,,30049099,,Subs. Trib,,UN,,5,,18,90,
,85239,, REDOXON TR AC LAR 10CP EFERV,,,21069030,,Subs. Trib,,UN,,6,,14.68,88.08,
,86550,, REDRALITE GUAR LIQ 480ML,,,22029900,,Subs. Trib,,UN,,5,,7.99,39.95,
,86555,, REDRALITE KIDS LAR LIQ 480ML,,,21069030,,Subs. Trib,,UN,,3,,9.88,29.64,
,86551,, REDRALITE MANG LIQ 480ML,,,22029900,,Subs. Trib,,UN,,6,,9.88,59.28,
,86553,, REDRALITE TAN LIQ 480ML,,,22029900,,Subs. Trib,,UN,,2,,9.88,19.76,
,85152,, REFLORINTE 6SAC 2G,,,21069030,,Subs. Trib,,UN,,2,,15.14,30.28,
,87070,, REHIDRALIN AG COC PO 4ENV 28G,,,21069030,,Subs. Trib,,UN,,2,,9.05,18.1,
,87072,, REHIDRALIN NAT PO 4ENV 28G,,,21069030,,Subs. Trib,,UN,,4,,9.05,36.2,
,87069,, REHIDRALIN UVA PO 4ENV 28G,,,21069030,,Subs. Trib,,UN,,4,,8.02,32.08,
,43667,, RENALAPRIL 10MG 30CP,,,30049067,,Subs. Trib,,UN,,5,,6.46,32.3,
,43668,, RENALAPRIL 20 MG C/ 30 CP,,,30049067,,Subs. Trib,,UN,,3,,7.55,22.65,
,43666,, RENALAPRIL 5MG 30CP,,,30049067,,Subs. Trib,,UN,,5,,7.15,35.75,
,84607,, RENU ADVANCED 475ML 2UN,,,33079000,,Subs. Trib,,UN,,2,,39.79,79.58,
,27409,, RENU FRESH 475ML,,,33079000,,Subs. Trib,,UN,,1,,47.43,47.43,
,84992,, REPARIL GEL DERM 30G,,,30049099,,Subs. Trib,,UN,,2,,33.53,67.06,
,20702,, REPOFLOR 100MG 12CAP,,,30049099,,Subs. Trib,,UN,,7,,20.92,146.44,
,20701,, REPOFLOR 200MG PED 4ENV 1G,,,30049099,,Subs. Trib,,UN,,8,,15.29,122.32,
,85949,, REPOFLOR 250MG 10CAP,,,30049099,,Subs. Trib,,UN,,2,,26.66,53.32,
,86047,, REPOFLOR 250MG 10ENV 800MG,,,30049099,,Subs. Trib,,UN,,9,,26.57,239.13,
,88203,, REPOFLOR 250MG 6CAP,,,30049099,,Subs. Trib,,UN,,2,,20.19,40.38,
,87670,, REPOFLOR 250MG 6ENV 800MG,,,30049099,,Subs. Trib,,UN,,4,,20.19,80.76,
,21297,," REPOPIL 35 2MG+0,035MG 63CP R",,,30066000,,Subs. Trib,,UN,,6,,9.1,54.6,
,17544,, REPOSIT 30CAP GEL,,,21069030,,Subs. Trib,,UN,,2,,29.57,59.14,
,54092,, RESFEDRYL MEL/LIMAO PO ENV 5G,,,30049045,,Subs. Trib,,UN,,18,,1.77,31.86,
,86378,, RESFEGRIPE 20CAP,,,30049045,,Subs. Trib,,UN,,35,,5.27,184.45,
,86407,, RESFEGRIPE ENV 10CAP,,,30049045,,Subs. Trib,,UN,,29,,3.06,88.74,
,76697,, RESFRILIV HO/GE PO ENV 5G,,,30049045,,Subs. Trib,,UN,,15,,1.25,18.75,
,76699,, RESFRILIV ME/LI PO ENV 5G,,,30049045,,Subs. Trib,,UN,,23,,1.18,27.14,
,87560,, RESISFREE DEF KIDS LIQ 150ML,,,21069030,,Subs. Trib,,UN,,1,,17.55,17.55,
,20289,, RIFASAN 10MG/ML SPR 20ML,,,30042031,,Subs. Trib,,UN,,16,,8.51,136.16,
,87856,," RINOSORO AV BABY 0,9% COPO+15S",,,30049099,,Subs. Trib,,UN,,2,,40.3,80.6,
,85920,, RIVAROXABANA 10MG 30CP REV,,,30049099,,Subs. Trib,,UN,,3,,11.34,34.02,
,86500,, RIVAROXABANA 15MG 30CP REV,,,30049099,,Subs. Trib,,UN,,2,,7.09,14.18,
,86528,, RIVAROXABANA 15MG 30CP REV,,,30049099,,Subs. Trib,,UN,,7,,8.14,56.98,
,86611,, RIVAROXABANA 20MG 30CP REV,,,30049079,,Subs. Trib,,UN,,2,,8.58,17.16,
,85911,, ROSUVASTATINA 20MG 30CP REV,,,30049099,,Subs. Trib,,UN,,9,,8.48,76.32,
,86526,, ROSUVASTATINA 5MG 30CP REV,,,30049099,,Subs. Trib,,UN,,5,,7.92,39.6,
,54338,, SAL AMARGO SACHE 30G,,,30049099,,Subs. Trib,,UN,,3,,2.24,6.72,
,24004,, SAL DE FRUTA ENO ABAC 100G,,,30049029,,Subs. Trib,,UN,,1,,22.05,22.05,
,82038,, SAL DE FRUTA ENO ABAC 2ENV 5G,,,30049029,,Subs. Trib,,UN,,30,,4.24,127.2,
,82039,, SAL DE FRUTA ENO GUAR 2ENV 5G,,,30049029,,Subs. Trib,,UN,,60,,2.12,127.2,
,82040,, SAL DE FRUTA ENO LAR 2ENV 5G,,,30049029,,Subs. Trib,,UN,,30,,4.24,127.2,
,23914,, SAL DE FRUTA ENO TRAD 2ENV 5G,,,30049029,,Subs. Trib,,UN,,1,,3.54,3.54,
,76612,, SALBUTAMOL XPE 120ML,,,30049039,,Subs. Trib,,UN,,6,,8.21,49.26,
,82071,, SALONPAS EMPLASTRO G 2UN,,,30051010,,Subs. Trib,,UN,,17,,8.76,148.92,
,82072,, SALONPAS EMPLASTRO P 4UN,,,30051010,,Subs. Trib,,UN,,15,,4.39,65.85,
,34484,, SALONPAS GEL TOP 20G,,,30044990,,Subs. Trib,,UN,,2,,17.33,34.66,
,57006,, SEAKALM 260MG 20CP,,,30049099,,Subs. Trib,,UN,,2,,21.05,42.1,
,84095,, SEAKALM 600MG 20CP REV,,,30049099,,Subs. Trib,,UN,,2,,38.02,76.04,
,78019,, SEAKALM 90MG/ML LIQ 100ML,,,30049099,,Subs. Trib,,UN,,2,,25.84,51.68,
,87437,, SEAKALM MELATONINA 90CP MAST,,,21069030,,Subs. Trib,,UN,,1,,16.75,16.75,
,87623,, SEAKALM MELATONINA GTS 15ML,,,21069030,,Subs. Trib,,UN,,2,,12.82,25.64,
,78896,, SECNIDAZOL 1000MG 2CP,,,30049099,,Subs. Trib,,UN,,3,,2.83,8.49,
,57476,, SECNIDAZOL 1000MG 4CP REV,,,30049069,,Subs. Trib,,UN,,1,,5.54,5.54,
,20293,, SECNIDAZOL 450MG SUS 15ML,,,30049099,,Subs. Trib,,UN,,2,,16.12,32.24,
,55274,," SEKI 3,54MG XPE 120ML",,,30049099,,Subs. Trib,,UN,,4,,29.22,116.88,
,14427,," SELENE 0,035MG+2MG 63CP REV",,,30066000,,Subs. Trib,,UN,,3,,21.38,64.14,
,33473,, SELOZOK 50MG 30CP REV L.C,,,30049039,,Subs. Trib,,UN,,1,,63.42,63.42,
,83966,, SEPURIN 20DRG,,,30049069,,Subs. Trib,,UN,,2,,41,82,
,21171,, SILDENAFILA 50MG 4CP REV,,,30049099,,Subs. Trib,,UN,,10,,2,20,
,86976,, SILDENAFILA 50MG 4CP REV,,,30049099,,Subs. Trib,,UN,,9,,1,9,
,30760,, SIMETICONA 125MG 10CAP MOLE,,,30049099,,Subs. Trib,,UN,,7,,3.2,22.4,
,85386,, SIMETICONA 40MG 20CP,,,30049099,,Subs. Trib,,UN,,3,,3.39,10.17,
,86129,, SIMETICONA 75MG/ML GTS 10ML,,,30049099,,Subs. Trib,,UN,,38,,1.42,53.96,
,86749,, SIMETICONA 75MG/ML GTS 15ML,,,30049099,,Subs. Trib,,UN,,48,,2.02,96.96,
,54992,, SINTAFLAT 40MG 20CP,,,30049099,,Subs. Trib,,UN,,3,,3.82,11.46,
,42182,, SINTOCALMY 300MG 20CP REV,,,30049099,,Subs. Trib,,UN,,1,,45.05,45.05,
,51022,, SINVASTACOR 20MG 30CP REV,,,30049059,,Subs. Trib,,UN,,3,,3.14,9.42,
,60240,, SINVASTATINA 10MG 30CP REV,,,30049059,,Subs. Trib,,UN,,4,,4.13,16.52,
,51281,, SINVASTATINA 40MG 30CP REV,,,30049059,,Subs. Trib,,UN,,2,,6.65,13.3,
,78884,, SINVASTATINA 40MG 30CP REV,,,30049099,,Subs. Trib,,UN,,2,,6.52,13.04,
,76560,, SODIX 50MG 20CP REV,,,30049037,,Subs. Trib,,UN,,1,,2.86,2.86,
,85429,, SOMALGIN CARDIO 81MG 60CP REV,,,30049099,,Subs. Trib,,UN,,1,,26.02,26.02,
,23957,, SONRIDOR CAF ENV 4CP EFERV,,,30049045,,Subs. Trib,,UN,,2,,12.82,25.64,
,87885,, SONRIDOR RAPID+FORTE 4CP REV,,,30049099,,Subs. Trib,,UN,,10,,51.02,510.2,
,85138,, SONRISAL LIMAO 10CP EFERV,,,30049099,,Subs. Trib,,UN,,18,,2.44,43.92,
,28735,, SONRISAL TRAD 10CP EFERV,,,30049029,,Subs. Trib,,UN,,15,,2.44,36.6,
,82042,, SONRISAL TRAD ENV 2CP EFERV,,,30049029,,Subs. Trib,,UN,,44,,2.02,88.88,
,84844,, SPECDERA 7MG/ML XPE CER 100ML,,,30049099,,Subs. Trib,,UN,,9,,6.08,54.72,
,22243,, STER 10 MG/ML SOL OFT 5 ML,,,90189099,,Subs. Trib,,UN,,2,,26.8,53.6,
,22241,," STER MD 1,2MG/ML COL 10ML",,,30043999,,Subs. Trib,,UN,,1,,44.93,44.93,
,84006,, STOMALIV PO EFERV ABAC 1UN 5G,,,30049099,,Subs. Trib,,UN,,50,,0.78,39,
,85656,, STOMALIV PO EFERV GUAR 1UN 5G,,,30049099,,Subs. Trib,,UN,,32,,0.62,19.84,
,8632,, STREPSILS MEL+LIM 8PAST,,,30049029,,Subs. Trib,,UN,,1,,14.34,14.34,
,86654,, SUAVICID CR DERM 10G,,,30045090,,Subs. Trib,,UN,,2,,51.16,102.32,
,17925,, SUCRAFILM 1G 30CP MAST,,,30049099,,Subs. Trib,,UN,,1,,64.42,64.42,
,17920,, SUCRAFILM 200MG 20FLAC 10ML,,,30049099,,Subs. Trib,,UN,,1,,98.54,98.54,
,30884,, SULFAMET+TRIM 400MG+80MG 20CP,,,30049099,,Subs. Trib,,UN,,8,,6.38,51.04,
,54761,, SULFAMET+TRIM 400MG+80MG 20CP,,,30049099,,Subs. Trib,,UN,,1,,5.49,5.49,
,30684,, SULFAMET+TRIM LIQ 100ML,,,30049099,,Subs. Trib,,UN,,1,,5.4,5.4,
,54759,, SULFAMET+TRIM LIQ 100ML,,,30049072,,Subs. Trib,,UN,,3,,7.01,21.03,
,88883,, SULFATO FERROSO 125MG/ML 100ML,,,21069030,,Subs. Trib,,UN,,4,,4.75,19,
,85256,, SULFERMAX 125MG/ML GTS 30ML,,,30049099,,Subs. Trib,,UN,,2,,3.03,6.06,
,28837,, SUMAX 25MG 4CP REV,,,30049079,,Subs. Trib,,UN,,2,,28.11,56.22,
,28807,, SUMAX 50MG 2CP REV,,,30049079,,Subs. Trib,,UN,,2,,27.38,54.76,
,78895,, SUP GLICER GLICENIX LACT 6UN,,,30049099,,Subs. Trib,,UN,,2,,7.05,14.1,
,78894,, SUP GLICER GLICENIX PED 6UN,,,30049099,,Subs. Trib,,UN,,2,,7.67,15.34,
,37234,, SUPRA D 200UI GTS L3P2 20ML,,,21069030,,Subs. Trib,,UN,,1,,15.84,15.84,
,54586,, SUSTRATE 10MG 50CP SUBL,,,30049021,,Subs. Trib,,UN,,1,,32.2,32.2,
,85062,, SYSTANE COMPLETE COL 10ML,,,30049099,,Subs. Trib,,UN,,1,,79.17,79.17,
,88293,, SYSTANE HID COL 10ML,,,30049099,,Subs. Trib,,UN,,1,,83.97,83.97,
,40911,, SYSTANE UL COL 10ML,,,30049099,,Subs. Trib,,UN,,1,,52.41,52.41,
,17861,, TADALAFILA 5MG 30CP REV,,,30049099,,Subs. Trib,,UN,,1,,5.56,5.56,
,21601,, TADALAFILA 5MG 30CP REV,,,30049079,,Subs. Trib,,UN,,29,,6.49,188.21,
,87079,, TADALAFILA 5MG 30CP REV,,,30049099,,Subs. Trib,,UN,,2,,5.38,10.76,
,88365,, TAMARINE GERMINA 4BI 5FLAC 5ML,,,21069030,,Subs. Trib,,UN,,10,,0.75,7.5,
,82065,, TAMISA 15 60MCG+15MCG 28CP REV,,,30066000,,Subs. Trib,,UN,,1,,24.52,24.52,
,14293,, TAMISA 20 75MCG+20MCG 63CP REV,,,30066000,,Subs. Trib,,UN,,4,,44.7,178.8,
,83873,, TAMISA 20 75MCG+20MCG 63CP REV,,,30066000,,Subs. Trib,,UN,,3,,26.51,79.53,
,85584,, TAMISA 30 75MCG+30MCG 63DRG,,,30049099,,Subs. Trib,,UN,,3,,25.55,76.65,
,84093,, TANDENE 30CP,,,30049045,,Subs. Trib,,UN,,4,,8.7,34.8,
,22055,, TANDRIFLAN 15CP,,,30049037,,Subs. Trib,,UN,,6,,4.59,27.54,
,22054,, TANDRIFLAN 30CP,,,30049037,,Subs. Trib,,UN,,3,,9.29,27.87,
,42013,, TANDRILAX 15CP,,,30049099,,Subs. Trib,,UN,,1,,15.27,15.27,
,31277,," TANTIN 0,06MG+0,015MG 84CP REV",,,30066000,,Subs. Trib,,UN,,1,,47.6,47.6,
,34989,, TAPAZOL 5MG 100CP,,,30049099,,Subs. Trib,,UN,,1,,27.52,27.52,
,33004,, TARGIFOR C 1G+1G 16CP EFERV,,,30045090,,Subs. Trib,,UN,,1,,30.51,30.51,
,16041,," TECNOMET 2,5MG 20CP",,,30049069,,Subs. Trib,,UN,,1,,31.32,31.32,
,76789,, TENOXICAM 20MG 10CP REV,,,30049073,,Subs. Trib,,UN,,1,,6.37,6.37,
,87592,, TENOXICAM 20MG 10CP REV,,,30049099,,Subs. Trib,,UN,,2,,7.5,15,
,86031,," TESS 2MG+0,035MG 21CP REV",,,30049099,,Subs. Trib,,UN,,2,,20.75,41.5,
,45429,, TETRAMED 500MG 10CAP,,,30042099,,Subs. Trib,,UN,,3,,4.56,13.68,
,45423,, TETRAMED 500MGC 4CAP,,,30042099,,Subs. Trib,,UN,,4,,1.97,7.88,
,86376,, TIABENDAZOL 50MG/G POM 30G,,,30049099,,Subs. Trib,,UN,,2,,9.04,18.08,
,44074,," TIBOLONA 2,5MG 28CP",,,30049099,,Subs. Trib,,UN,,1,,26.39,26.39,
,43957,," TIMOLOL 0,5% COL 5ML",,,30049099,,Subs. Trib,,UN,,3,,4.66,13.98,
,34720,, TINTURA DE IODO 2% LIQ 30ML,,,30049099,,Subs. Trib,,UN,,3,,6.2,18.6,
,57527,, TIOCONAZOL+TINID CR VAG 35G,,,30049069,,Subs. Trib,,UN,,2,,19.47,38.94,
,70535,, TIORFAN 100MG 9CAP DURA,,,30049099,,Subs. Trib,,UN,,2,,52.83,105.66,
,70539,, TIORFAN 30MG 18SAC 3G,,,30049099,,Subs. Trib,,UN,,1,,62.54,62.54,
,40864,, TOBRADEX 3MG+1MG/ML COL 5ML,,,30045090,,Subs. Trib,,UN,,2,,39.89,79.78,
,86000,, TOBRAMICINA 3MG/ML COL 5ML,,,30049099,,Subs. Trib,,UN,,5,,7.71,38.55,
,40862,, TOBREX 3MG/ML COL 5ML,,,30049099,,Subs. Trib,,UN,,1,,32.46,32.46,
,22211,, TOPCOID 5MG/G GEL DERM 40G,,,30049099,,Subs. Trib,,UN,,4,,24.69,98.76,
,86291,, TORANTE 15MG/ML XPE 100ML,,,30049099,,Subs. Trib,,UN,,2,,51.6,103.2,
,43671,, TORSILAX 30CP,,,30049037,,Subs. Trib,,UN,,5,,11.23,56.15,
,44105,, TORSILAX ENV 10CP,,,30049037,,Subs. Trib,,UN,,26,,3.7,96.2,
,44104,, TORSILAX ENV 4CP,,,30049037,,Subs. Trib,,UN,,97,,1.49,144.53,
,18635,, TORVILIP 20MG 30CP REV,,,30049069,,Subs. Trib,,UN,,2,,7.97,15.94,
,18636,, TORVILIP 40MG 30CP REV,,,30049069,,Subs. Trib,,UN,,3,,21.12,63.36,
,88909,, TOSSEXPEC XPE 120ML,,,30049099,,Subs. Trib,,UN,,31,,16.44,509.64,
,88579,, TRANQUIL 260MG 20CP REV,,,30049099,,Subs. Trib,,UN,,2,,9.87,19.74,
,84392,," TRAVOPROSTA 0,04MG/ML SOL 2,5M",,,30049099,,Subs. Trib,,UN,,2,,15.39,30.78,
,76568,, TRAXONOL 100MG 15CAP DURA,,,30049069,,Subs. Trib,,UN,,2,,16.56,33.12,
,84871,, TREZETE 10MG+10MG 30CP REV,,,30049099,,Subs. Trib,,UN,,1,,74.89,74.89,
,88962,, TREZETE 20MG+10MG 30CP REV,,,30049099,,Subs. Trib,,UN,,1,,113.32,113.32,
,20585,, TRIANCINOLONA 1MG/G POM 10G,,,30043290,,Subs. Trib,,UN,,2,,4.87,9.74,
,86512,, TRIQUILAR 63DRG,,,30066000,,Subs. Trib,,UN,,4,,10.8,43.2,
,85962,, TRISORB COL 15ML,,,21069030,,Subs. Trib,,UN,,1,,33.88,33.88,
,34289,, TRIVAGEL N CR VAG 10APL 60G,,,30042099,,Subs. Trib,,UN,,2,,72.29,144.58,
,14300,, TROK CR DERM 30G,,,30049077,,Subs. Trib,,UN,,2,,34.43,68.86,
,14361,, TROK G CR DERM 30G,,,30049077,,Subs. Trib,,UN,,3,,25.26,75.78,
,86409,, TROMETAMOL 10MG 10CP SUBL,,,30049099,,Subs. Trib,,UN,,1,,8.44,8.44,
,86069,," TROMETAMOL 5,631/8G 1ENV GRAN",,,30049099,,Subs. Trib,,UN,,2,,34.81,69.62,
,76736,, TROMETAMOL 5MG/ML SOL 5ML,,,30049099,,Subs. Trib,,UN,,2,,9.74,19.48,
,17887,, TROPINAL 20CP,,,30049069,,Subs. Trib,,UN,,2,,21.67,43.34,
,17889,, TROPINAL GTS 15ML,,,30049099,,Subs. Trib,,UN,,1,,23.39,23.39,
,88968,, TUA D3 50.000UI 4CAP,,,30045050,,Subs. Trib,,UN,,2,,8.93,17.86,
,55918,, TYFLEN BEBE 100MG/ML LIQ 15ML,,,30049045,,Subs. Trib,,UN,,1,,4.48,4.48,
,55919,, TYFLEN CRI 32MG/ML LIQ 60ML,,,30049045,,Subs. Trib,,UN,,4,,4.48,17.92,
,33788,, TYLENOL 200MG/ML GTS 15ML,,,30049045,,Subs. Trib,,UN,,1,,34.43,34.43,
,86447,, TYLENOL 750MG ENV 4CP REV,,,30049045,,Subs. Trib,,UN,,37,,5.05,186.85,
,33742,, TYLENOL BEBE 100MG/ML LIQ 15ML,,,30049045,,Subs. Trib,,UN,,1,,43.28,43.28,
,88078,, TYLENOL DC 500MG+65MG 10CP,,,30049099,,Subs. Trib,,UN,,3,,18.48,55.44,
,76786,, UNIAIR 4MG 30CP MAST,,,30049069,,Subs. Trib,,UN,,1,,14.67,14.67,
,88884,, UNIFLU 45MG 10CAP,,,30049099,,Subs. Trib,,UN,,1,,114.96,114.96,
,87774,, UNIQ B12 BAU 60CP MAST,,,21069030,,Subs. Trib,,UN,,2,,25.17,50.34,
,83391,," UNIZINCO 17,6MG/ML LIQ 100ML",,,30049099,,Subs. Trib,,UN,,6,,27.57,165.42,
,87841,, UNIZINCO 20MG 14CP,,,30049099,,Subs. Trib,,UN,,1,,37.53,37.53,
,86230,, VALSARTANA 160MG 30CP REV,,,30049069,,Subs. Trib,,UN,,1,,18.11,18.11,
,18412,, VALSARTANA 320MG 30CP REV,,,30049099,,Subs. Trib,,UN,,1,,61.19,61.19,
,87120,, VALSARTANA 320MG 30CP REV,,,30049099,,Subs. Trib,,UN,,1,,44.76,44.76,
,84661,, VALSARTANA 80MG 30CP REV,,,30049099,,Subs. Trib,,UN,,1,,12.42,12.42,
,87986,, VALSARTANA 80MG 30CP REV,,,30049099,,Subs. Trib,,UN,,1,,16.29,16.29,
,30642,, VARFARINA SOD 5MG 30CP,,,30049059,,Subs. Trib,,UN,,2,,4.95,9.9,
,87150,, VARYLIFT 450MG+50MG 30CP REV,,,30049079,,Subs. Trib,,UN,,1,,19.67,19.67,
,88790,, VARYLIFT 450MG+50MG 60CP REV,,,30049079,,Subs. Trib,,UN,,2,,32.99,65.98,
,87151,, VARYLIFT 900MG+100MG 30CP REV,,,30049079,,Subs. Trib,,UN,,2,,37.89,75.78,
,18502,, VERAPAMIL 80MG 30CP REV,,,30049049,,Subs. Trib,,UN,,4,,12.08,48.32,
,44058,, VERTIGIUM 10MG 50CP,,,30049069,,Subs. Trib,,UN,,3,,11.75,35.25,
,54750,, VERTIZAN 10MG 50CP,,,30049062,,Subs. Trib,,UN,,4,,6.08,24.32,
,4350,, VERUTEX 20MG/G CR DERM 15G,,,30042099,,Subs. Trib,,UN,,1,,74.02,74.02,
,4349,, VERUTEX B CR DERM 15G,,,30042099,,Subs. Trib,,UN,,1,,91.86,91.86,
,5905,, VICK 44E XPE 120ML,,,30049099,,Subs. Trib,,UN,,2,,33.24,66.48,
,28763,," VICK INALADOR TUBO 0,5G",,,30049099,,Subs. Trib,,UN,,4,,16.89,67.56,
,85950,, VICK MEL XPE 100ML,,,30049099,,Subs. Trib,,UN,,4,,33.24,132.96,
,28764,, VICK VAPORUB UNGUENTO TOP 12G,,,30049099,,Subs. Trib,,UN,,119,,15.66,1863.54,
,5910,, VICK VAPORUB UNGUENTO TOP 50G,,,30049099,,Subs. Trib,,UN,,3,,38.82,116.46,
,84918,, VICK XPE PED 120ML,,,30049029,,Subs. Trib,,UN,,1,,33.24,33.24,
,40900,," VIGADEXA 5MG+0,1MG/ML COL 5ML",,,30042099,,Subs. Trib,,UN,,2,,42.31,84.62,
,40882,, VIGAMOX 5MG/ML COL 5ML,,,30042099,,Subs. Trib,,UN,,2,,43.82,87.64,
,54336,, VIOLETA GENC 1% LIQ 30ML,,,30049099,,Subs. Trib,,UN,,6,,3.47,20.82,
,87921,, VITA SUPRAZ A+D+E FLAC 3ML,,,21069030,,Subs. Trib,,UN,,4,,8.07,32.28,
,87918,, VITA SUPRAZ CHOC 10CP EFERV,,,21069030,,Subs. Trib,,UN,,1,,10.8,10.8,
,84143,, VITAMINA C 200MG/ML GTS 20ML,,,21069030,,Subs. Trib,,UN,,3,,3.77,11.31,
,86570,, VITAMINA D3 10.000 4CAP MOLE,,,30045050,,Subs. Trib,,UN,,2,,8.89,17.78,
,88166,, VITAMINA D3 10.000UI 30CAP GEL,,,30045050,,Subs. Trib,,UN,,2,,35.86,71.72,
,87888,, VITAMINA D3 10.000UI 4CP REV,,,30049099,,Subs. Trib,,UN,,4,,11.36,45.44,
,88238,, VITAMINA D3 10.000UI 8CAP GEL,,,30045050,,Subs. Trib,,UN,,4,,14,56,
,87782,, VITAMINA D3 10.000UI 8CP REV,,,30049099,,Subs. Trib,,UN,,1,,12.09,12.09,
,88583,, VITAMINA D3 7.000UI 4CAP,,,30045050,,Subs. Trib,,UN,,2,,6.24,12.48,
,85344,, VITAMINAS NEO QUIM A-Z 60CP,,,21069030,,Subs. Trib,,UN,,8,,4.8,38.4,
,87826,, VITAMINAS NEO QUIM CAB/UNH 60C,,,21069030,,Subs. Trib,,UN,,13,,9.89,128.57,
,87860,, VITAMINAS NEO QUIM CALCIO 60CP,,,21069030,,Subs. Trib,,UN,,6,,23.98,143.88,
,86959,, VITAMINAS NEO QUIM HOMEM 60CP,,,21069030,,Subs. Trib,,UN,,7,,9.89,69.23,
,84999,, VITAMINAS NEO QUIM IMUNE 30CP,,,21069030,,Subs. Trib,,UN,,1,,2.49,2.49,
,86951,, VITAMINAS NEO QUIM MULHER 60CP,,,21069030,,Subs. Trib,,UN,,6,,9.89,59.34,
,87212,, VITAMINAS NEO QUIM OMEGA 3 60C,,,21069030,,Subs. Trib,,UN,,2,,15.78,31.56,
,86958,, VITAMINAS NEO QUIM SENIOR 60CP,,,21069030,,Subs. Trib,,UN,,9,,9.89,89.01,
,87138,, VOLIG 4MG 4CP OROD,,,30049099,,Subs. Trib,,UN,,2,,2.94,5.88,
,35451,, VOLTAREN 75MG/3ML INJ 5AMP 3ML,,,30049037,,Subs. Trib,,UN,,2,,4.68,9.36,
,45405,, VOMISTOP 4MG/ML GTS 10ML,,,30049099,,Subs. Trib,,UN,,12,,2.57,30.84,
,88530,, VORIC 10MG 20CP,,,30049062,,Subs. Trib,,UN,,3,,26.65,79.95,
,41735,, XANTINON 30CP REV,,,30049099,,Subs. Trib,,UN,,5,,13.3,66.5,
,83647,, XANTINON COMPLEX FLAC 10ML,,,30049099,,Subs. Trib,,UN,,22,,2.92,64.24,
,84907,, XANTINON COMPLEX SOL 100ML,,,30049099,,Subs. Trib,,UN,,2,,14.11,28.22,
,41669,, XANTINON ENV 10CP REV,,,30049099,,Subs. Trib,,UN,,3,,3.68,11.04,
,85583,, XANTINON ENV 10CP REV,,,30049099,,Subs. Trib,,UN,,2,,5.02,10.04,
,88116,, XAQUELIV 1MG+100MG+350MG 12CP,,,30049099,,Subs. Trib,,UN,,3,,9.86,29.58,
,48955,, ZYPRED 3MG+10MG/ML COL 6ML,,,30049099,,Subs. Trib,,UN,,1,,77.89,77.89,
,,TOTAL GERAL:,,,,,,,,,,,80900.22,,,
