,,DROGAMAIS - >> DROGAMAIS - CENTRAL,,,,,,,,,,,,,Data:,,,,,,,,04/11/2026,,,,,
,,Grupo Filial:,,,, TODOS OS GRUPOS,,,,,,,,,Hora:,,,,,,,,01/01/1970 19:31:53,,,,,
,,Filial:,,,, >> DROGAMAIS - PARQUE SOLEDADE,,,,,,,,,Seleção I:,,(ESTOQUE MENOR QUE O ESTOQUE MÍNIMO),,,,,,,,,,,
,,Forne.:,,,, TODOS,,,,,,,,,Seleção II:,,Reposição de Vendas,,,,,,,,,,,
,,Grupo Prod.:,,,, VÁRIOS,,,,,,,,,Seleção III:,,Vendas,,,,,,,,,,,
,,Labor.:,,,, TODOS,,,,,,,,,Seleção IV:,,Considerar Saldo em Estoque,,,,,,,,,,,
,,Categoria:,,,, TODOS,,,,,,,,,Seleção V:,,Pré-Pedido por Filial,,,,,,,,,,,
,,Departamento:,,,, TODOS,,,,,,,,,,,,,,,,,,,,,,
,,DCB:,,,, TODOS,,,,,,,,,,,,,,,,,,,,,,
,,Produto:,,,, TODOS,,,,,,,,,Período:,,04/04/2026 00:00:00 à 11/04/2026 23:59:59,,,,,,,,,,,
,,SUGESTÃO DE COMPRAS - Pelas Vendas no Período,,,,,,,,,,,,,,,,,,,,,,,,,,
,,,,,,,,,,Saldo,,,,,,,,,,,,,,,,,,
,,Cód., Produto,,,,Labor.,"Grupo/
Curva",Saldo,Estoq,Est.,Dem.,Qtd.,Qtd.,Fat,Forn.,Custo,Custo,,Últimas Saídas,,,    Última Entrada,,,,,P
,,,,,,,,,Estoq,Rede,Mín.,,Vend.,Comp.,,,Unit.,Total,,Mês 0,Mês 1,Mês 2,Data,Custo,,Forn.,,
,,Filial:,,,, >> DROGAMAIS - PARQUE SOLEDADE,,,,,,,,,,,,,,,,,,,,,,
,,Grupo:,,,GENERICOS,,,,,,,,,,,,,,,,,,,,,,,
,,78907,ACEBROFILINA XPE AD 120ML,,,,GLOBO,4000/,4,5,0,0,1,1,1,,9.81,9.81,,,,,,,,,,
,,32896,ACEBROFILINA XPE PED 120ML,,,,ACHE/BIOSINT,4000/A,4,9,2,2,2,2,1,,6.79,13.58,,,,,,,,,,
,,57548,ACETILCISTEINA 200MG 16ENV GR,,,,PRATI ,4000/,2,2,0,0,1,1,1,,18.06,18.06,,,,,,,,,,
,,57521,ACICLOVIR 200MG 30CP,,,,PRATI ,4000/,1,1,0,0,2,2,1,,11.67,23.34,,,,,,,,,,
,,84825,ACICLOVIR 400MG 30CP,,,,PRATI ,4000/D,-1,0,0,0,2,2,1,,33.75,67.5,,,,,,,,,,
,,30699,ACICLOVIR 50MG/G CR DERM 10G,,,,TEUTO,4000/D,6,9,0,0,1,1,1,,4.4,4.4,,,,,,,,,,
,,38540,ACIDO MEFENAMICO 500MG 24CP,,,,MEDLEY / SANO,4000/,2,2,0,0,1,1,1,,12.24,12.24,,,,,,,,,,
,,20957,ACIDO TRANEXAM 250MG 12CP,,,,EMS,4000/D,0,2,0,0,1,1,1,,47.28,47.28,,,,,,,,,,
,,78373,ALBENDAZOL 400MG 5CP MAST,,,,PRATI ,4000/,8,8,0,0,2,2,1,,6.1,12.2,,,,,,,,,,
,,57416,ALBENDAZOL 40MG/ML LIQ 10ML,,,,PRATI ,4000/D,35,35,0,0,8,8,1,,2.49,19.92,,,,,,,,,,
,,17662,ALGESTONA AC+ENAN EST INJ 1ML,,,,LEGRAND,4000/A,5,5,2,3,3,3,1,,9.09,27.27,,,,,,,,,,
,,78295,ALOPURINOL 300MG 30CP,,,,PRATI ,4000/D,3,3,0,0,1,1,1,,7.64,7.64,,,,,,,,,,
,,57432,AMBROXOL XPE AD 120ML,,,,PRATI ,4000/,5,5,0,0,1,1,1,,5.94,5.94,,,,,,,,,,
,,57431,AMBROXOL XPE PED 120ML,,,,PRATI ,4000/,7,7,0,0,1,1,1,,5.6,5.6,,,,,,,,,,
,,87909,"AMOX+CLAV POT 250+62,5MG/5 75",,,,UNIAO ,4000/,13,13,0,0,1,1,1,,11.91,11.91,,,,,,,,,,
,,78348,AMOX+CLAV POT 400+57MG/5 70ML,,,,PRATI ,4000/A,3,3,1,2,1,1,1,,12.52,12.52,,,,,,,,,,
,,87908,AMOX+CLAV POT 400+57MG/5 70ML,,,,UNIAO ,4000/,3,3,0,0,1,1,1,,15.26,15.26,,,,,,,,,,
,,51470,AMOX+CLAV POT 500+125MG 18CP R,,,,SANDOZ,4000/B,0,0,0,0,2,2,1,,49.06,98.12,,,,,,,,,,
,,86814,AMOX+CLAV POT 500+125MG 30CP R,,,,SANDOZ,4000/,5,5,0,0,1,1,1,,78.39,78.39,,,,,,,,,,
,,86105,AMOX+CLAV POT 875+125MG 14CP R,,,,RANBAXY,4000/D,0,0,0,0,3,3,1,,44.62,133.86,,,,,,,,,,
,,21694,AMOX+CLAV POT 875+125MG 20CP R,,,,EMS,4000/D,1,1,0,0,1,1,1,,69.91,69.91,,,,,,,,,,
,,32834,AMOX+CLAV POT 875+125MG 20CP R,,,,ACHE/BIOSINT,4000/D,0,0,0,0,1,1,1,,53.75,53.75,,,,,,,,,,
,,57531,AMOXICILINA 250MG/5MG SUS 150M,,,,PRATI ,4000/D,17,17,0,0,6,6,1,,7.54,45.24,,,,,,,,,,
,,57533,AMOXICILINA 500MG 21CAP GEL D,,,,PRATI ,4000/,6,6,0,0,12,12,1,,7.54,90.48,,,,,,,,,,
,,85199,ANLODIPINO 10MG 30CP,,,,VITAMEDIC,4000/D,8,18,0,0,3,3,1,,2.73,8.19,,,,,,,,,,
,,76772,ANLODIPINO 5MG 30CP,,,,GEOLAB,4000/A,9,9,3,4,1,1,1,,2.18,2.18,,,,,,,,,,
,,38260,ATENOLOL 25MG 30CP,,,,MEDLEY / SANO,4000/,94,94,0,0,4,4,1,,2.97,11.88,,,,,,,,,,
,,54778,ATENOLOL 50MG 30CP,,,,VITAMEDIC,4000/A,12,14,1,2,7,7,1,,2.67,18.69,,,,,,,,,,
,,51072,ATENOLOL 50MG 30CP,,,,SANDOZ,4000/A,-1,10,1,2,1,1,1,,2.82,2.82,,,,,,,,,,
,,18389,ATORVASTATINA 40MG 30CP REV,,,,NOVA QUIMICA,4000/D,1,1,0,0,1,1,1,,24.75,24.75,,,,,,,,,,
,,88683,AXETILCEFUROXIMA 500MG 14CP R,,,,NEO QUIMICA,4000/,-1,0,0,0,2,2,1,,68.08,136.16,,,,,,,,,,
,,88250,"AZITROMICINA 1500MG SUS 37,5ML",,,,PHARLAB,4000/,5,5,0,0,1,1,1,,21.94,21.94,,,,,,,,,,
,,84964,AZITROMICINA 500MG 3CP REV,,,,PHARLAB,4000/A,8,8,1,2,2,2,1,,3.63,7.26,,,,,,,,,,
,,57380,AZITROMICINA 500MG 3CP REV,,,,PRATI ,4000/,8,8,0,0,4,4,1,,3.15,12.6,,,,,,,,,,
,,84952,AZITROMICINA 500MG 5CP REV,,,,PHARLAB,4000/A,2,2,1,2,11,11,1,,6.65,73.15,,,,,,,,,,
,,78366,AZITROMICINA 500MG 5CP REV,,,,PRATI ,4000/,17,17,0,0,9,9,1,,6.91,62.19,,,,,,,,,,
,,78266,AZITROMICINA 600MG SUS 15ML,,,,PRATI ,4000/D,-1,0,0,0,1,1,1,,13.77,13.77,,,,,,,,,,
,,57389,"AZITROMICINA 900MG SUS 22,5ML",,,,PRATI ,4000/D,5,5,0,0,7,7,1,,16.2,113.4,,,,,,,,,,
,,21885,BACLOFENO 10MG 20CP,,,,UNIAO ,4000/,2,4,0,0,1,1,1,,4.7,4.7,,,,,,,,,,
,,57549,BENZOILMETR+NIS+BENZ CR VAG 10,,,,PRATI ,4000/D,2,2,0,0,1,1,1,,17.93,17.93,,,,,,,,,,
,,14081,BETAM+FOS BETAM INJ AMP 1ML,,,,EUROFARMA,4000/D,3,3,0,0,1,1,1,,5.75,5.75,,,,,,,,,,
,,76738,BETAM+GENT CR DERM 30G,,,,GEOLAB,4000/D,1,1,0,0,1,1,1,,7.86,7.86,,,,,,,,,,
,,87303,BETAM+GENT+TOL+CLIO CR 20G,,,,UNIAO ,4000/,2,2,0,0,1,1,1,,9.34,9.34,,,,,,,,,,
,,88901,BILASTINA 20MG 15CP,,,,ACHE/BIOSINT,4000/,0,0,0,0,1,1,1,,21.72,21.72,,,,,,,,,,
,,86510,BILASTINA 20MG 30CP,,,,NEO QUIMICA,4000/,1,6,0,0,1,1,1,,40.09,40.09,,,,,,,,,,
,,85963,BRIMONIDINA 2MG/ML COL 5ML,,,,TEUTO,4000/D,2,2,0,0,1,1,1,,11.49,11.49,,,,,,,,,,
,,57525,BROMOPRIDA 10MG 20CP,,,,PRATI ,4000/D,8,8,0,0,1,1,1,,8.56,8.56,,,,,,,,,,
,,57528,BROMOPRIDA 4MG/ML GTS 20ML,,,,PRATI ,4000/D,2,2,0,0,10,10,1,,6.22,62.2,,,,,,,,,,
,,86234,BRONFENIRAMINA+FENILEF 12CP,,,,NEO QUIMICA,4000/D,0,2,0,0,1,1,1,,13.14,13.14,,,,,,,,,,
,,86235,BRONFENIRAMINA+FENILEF GTS 20M,,,,NEO QUIMICA,4000/D,3,3,0,0,1,1,1,,7.62,7.62,,,,,,,,,,
,,30582,CAPTOPRIL 25MG 30CP,,,,TEUTO,4000/A,5,5,2,3,5,5,1,,1.46,7.3,,,,,,,,,,
,,84924,CAPTOPRIL 25MG 30CP,,,,GEOLAB,4000/A,8,8,2,3,2,2,1,,1.87,3.74,,,,,,,,,,
,,21922,CEFALEXINA 250MG/5ML LIQ 100ML,,,,UNIAO ,4000/,0,0,0,0,4,4,1,,11.48,45.92,,,,,,,,,,
,,30700,CEFALEXINA 250MG/5ML LIQ 100ML,,,,TEUTO,4000/A,4,12,1,1,4,4,1,,12.05,48.2,,,,,,,,,,
,,21964,CEFALEXINA 500MG 10CAP,,,,UNIAO ,4000/D,11,11,0,0,18,18,1,,7.64,137.52,,,,,,,,,,
,,13989,CEFTRIAXONA SOD 1G C/DIL FA,,,,EUROFARMA,4000/B,14,20,1,1,7,7,1,,14.49,101.43,,,,,,,,,,
,,76603,CETOC+BETAM CR DERM 30G,,,,GEOLAB,4000/D,1,1,0,0,1,1,1,,7.59,7.59,,,,,,,,,,
,,57381,CETOCONAZOL 200MG 10CP,,,,PRATI ,4000/D,0,0,0,0,1,1,1,,3.33,3.33,,,,,,,,,,
,,38320,CETOPROFENO 100MG 20CP REV,,,,MEDLEY / SANO,4000/A,0,1,2,2,4,4,1,,22.94,91.76,,,,,,,,,,
,,84715,CETOPROFENO 150MG 10CP L.P,,,,LEGRAND,4000/A,2,11,7,11,2,2,1,,7.64,15.28,,,,,,,,,,
,,87496,CETOPROFENO 150MG 10CP L.P,,,,NEO QUIMICA,4000/,7,7,0,0,13,13,1,,7.53,97.89,,,,,,,,,,
,,30756,CETOPROFENO 20MG/ML GTS 20ML,,,,TEUTO,4000/A,7,12,4,6,2,2,1,,3.07,6.14,,,,,,,,,,
,,13936,CETOPROFENO 20MG/ML GTS 20ML,,,,EUROFARMA,4000/D,1,1,0,0,2,2,1,,5.48,10.96,,,,,,,,,,
,,32505,CICLOBENZAPRINA 10 MG C/ 15 CP,,,,ACHE/BIOSINT,4000/D,11,12,0,0,4,4,1,,3.98,15.92,,,,,,,,,,
,,84025,CICLOBENZAPRINA 10MG 15CP REV,,,,GLOBO,4000/A,-1,0,6,9,4,4,1,,4.57,18.28,,,,,,,,,,
,,84026,CICLOBENZAPRINA 5MG 15CP REV,,,,GLOBO,4000/A,15,19,3,4,4,4,1,,2.84,11.36,,,,,,,,,,
,,21068,CICLOPIROX OL 10MG/ML SOL TOP,,,,EMS,4000/C,0,0,1,1,1,1,1,,10.5,10.5,,,,,,,,,,
,,85269,CIPROFIBRATO 100MG 30CP,,,,GLOBO,4000/B,6,6,1,2,1,1,1,,10.68,10.68,,,,,,,,,,
,,57408,CIPROFLOXACINO 500MG 14CP REV,,,,PRATI ,4000/D,2,2,0,0,13,13,1,,5.22,67.86,,,,,,,,,,
,,43771,"CLOBETASOL 0,5MG/G POM 30G",,,,NEO QUIMICA,4000/D,1,1,0,0,1,1,1,,7.38,7.38,,,,,,,,,,
,,51219,CLOPIDOGREL 75MG 28CP REV,,,,SANDOZ,4000/C,1,1,1,1,3,3,1,,15.89,47.67,,,,,,,,,,
,,43909,CLORIDRATO DE CIPROFLOXACINO 5,,,,NEO QUIMICA,4000/A,0,0,5,7,1,1,1,,7.27,7.27,,,,,,,,,,
,,87968,DESLORATADINA 5MG 10CP REV,,,,GLOBO,4000/,0,0,0,0,1,1,1,,6.07,6.07,,,,,,,,,,
,,17753,DESLORATADINA 5MG 10CP REV,,,,LEGRAND,4000/A,-1,0,1,2,1,1,1,,7.27,7.27,,,,,,,,,,
,,85905,DESLORATADINA XPE 60ML,,,,PRATI ,4000/D,6,6,0,0,8,8,1,,6.48,51.84,,,,,,,,,,
,,51391,DESOGESTREL 75MCG 28CP REV,,,,SANDOZ,4000/A,1,1,1,2,1,1,1,,7.83,7.83,,,,,,,,,,
,,84097,DESOGESTREL 75MCG 28CP REV,,,,EUROFARMA,4000/A,2,4,3,4,3,3,1,,5.89,17.67,,,,,,,,,,
,,54984,"DESONIDA 0,5MG/G CR DERM 30G",,,,GLOBO,4000/,0,0,0,0,2,2,1,,8.48,16.96,,,,,,,,,,
,,22186,DEXAMETASONA 1MG/G CR DERM 10G,,,,UNIAO ,4000/D,0,0,0,0,6,6,1,,3.04,18.24,,,,,,,,,,
,,31172,DEXAMETASONA 4MG 10CP,,,,TEUTO,4000/A,7,13,2,3,6,6,1,,3.32,19.92,,,,,,,,,,
,,30681,DEXCLORFENIRAM+BETAM XPE 120ML,,,,TEUTO,4000/D,-1,0,0,0,8,8,1,,5.67,45.36,,,,,,,,,,
,,43750,DICLOFENACO DIETILAM GEL 60G,,,,NEO QUIMICA,4000/A,-1,0,3,4,2,2,1,,7.24,14.48,,,,,,,,,,
,,85466,DIENOGESTE 2MG 30CP,,,,EMS,4000/D,1,1,0,0,1,1,1,,15.88,15.88,,,,,,,,,,
,,78265,DIPIRONA 1G 10CP,,,,PRATI ,4000/D,65,65,0,0,23,23,1,,3.27,75.21,,,,,,,,,,
,,85708,DIPIRONA 500MG ENV 10CP,,,,PRATI ,4000/A,-750,0,61,91,58,58,50,,2.08,120.64,,,,,,,,,,
,,32690,DIPIRONA 50MG/ML LIQ 100ML,,,,ACHE/BIOSINT,4000/C,12,12,1,1,4,4,1,,6.51,26.04,,,,,,,,,,
,,30704,DOXAZOSINA 2MG 30CP,,,,TEUTO,4000/D,2,2,0,0,2,2,1,,5.55,11.1,,,,,,,,,,
,,60234,DOXICICLINA 100MG 15CP REV,,,,PHARLAB,4000/,5,5,0,0,1,1,1,,11.27,11.27,,,,,,,,,,
,,32881,DROPROPIZINA 3MG/ML XPE 120ML,,,,ACHE/BIOSINT,4000/D,5,7,0,0,1,1,1,,7.78,7.78,,,,,,,,,,
,,17814,"DROSPI+ETIN 3MG+0,03MG 21CP R",,,,LEGRAND,4000/B,0,3,1,1,2,2,1,,12.57,25.14,,,,,,,,,,
,,21314,"DROSPI+ETIN 3MG+0,03MG 21CP R",,,,EMS,4000/,1,1,0,0,4,4,1,,8.6,34.4,,,,,,,,,,
,,18551,ENALAPRIL 10MG 30CP,,,,NOVA QUIMICA,4000/D,11,11,0,0,1,1,1,,2.15,2.15,,,,,,,,,,
,,20156,ENALAPRIL 20MG 30CP,,,,EMS,4000/,13,13,0,0,3,3,1,,4.36,13.08,,,,,,,,,,
,,18552,ENALAPRIL 20MG 30CP,,,,NOVA QUIMICA,4000/,10,10,0,0,2,2,1,,3.97,7.94,,,,,,,,,,
,,18460,ESOMEPRAZOL MAG 20MG 28CP REV,,,,NOVA QUIMICA,4000/D,1,1,0,0,1,1,1,,27.81,27.81,,,,,,,,,,
,,88880,ESOMEPRAZOL XR 40MG 28CAP L.R,,,,NEO QUIMICA,4000/,1,1,0,0,1,1,1,,50.3,50.3,,,,,,,,,,
,,14227,ESPIRONOLACTONA 25MG 30CP,,,,EMS,4000/B,1,1,1,1,1,1,1,,9.18,9.18,,,,,,,,,,
,,85546,FEXOFENADINA 120MG 10CP REV,,,,NOVA QUIMICA,4000/B,7,7,1,1,2,2,1,,7.75,15.5,,,,,,,,,,
,,86735,FEXOFENADINA 180MG 10CP REV,,,,EMS,4000/,2,5,0,0,1,1,1,,11.43,11.43,,,,,,,,,,
,,30712,FINASTERIDA 5MG 30CP REV,,,,TEUTO,4000/,2,2,0,0,1,1,1,,12.02,12.02,,,,,,,,,,
,,78274,FLUCONAZOL 150MG 2CAP,,,,PRATI ,4000/,48,48,0,0,14,14,1,,1.5,21,,,,,,,,,,
,,76819,FUROSEMIDA 40MG 20CP,,,,GEOLAB,4000/D,-1,3,0,0,1,1,1,,2.32,2.32,,,,,,,,,,
,,45361,HIDROCLOROTIAZIDA 25MG 30CP,,,,MEDQUIMICA,4000/A,22,22,11,16,15,15,1,,1.53,22.95,,,,,,,,,,
,,22187,HIDROCORTISONA 10MG/G CR 20G,,,,UNIAO ,4000/D,5,5,0,0,1,1,1,,8.11,8.11,,,,,,,,,,
,,52420,HIDROXIZINA 2MG/ML LIQ 100ML,,,,NATIVITA IND ,4000/A,-1,12,4,5,5,5,1,,5.65,28.25,,,,,,,,,,
,,78881,HIDROXIZINA 2MG/ML SOL 100ML,,,,GLOBO,4000/A,0,0,3,4,7,7,1,,5.48,38.36,,,,,,,,,,
,,45418,IBUPROFENO 100MG/ML GTS 20ML,,,,MEDQUIMICA,4000/A,33,74,8,11,28,28,1,,2.78,77.84,,,,,,,,,,
,,84485,IBUPROFENO 50MG/ML GTS 30ML,,,,GEOLAB,4000/B,0,8,0,0,4,4,1,,3.26,13.04,,,,,,,,,,
,,22179,IPRATROPIO SOL INAL 20ML,,,,UNIAO ,4000/,4,5,0,0,2,2,1,,2.74,5.48,,,,,,,,,,
,,30566,IPRATROPIO SOL INAL 20ML,,,,TEUTO,4000/A,4,8,1,2,1,1,1,,2.52,2.52,,,,,,,,,,
,,32635,ISOSSORBIDA 20MG 20CP,,,,ACHE/BIOSINT,4000/,3,3,0,0,1,1,1,,6.5,6.5,,,,,,,,,,
,,86077,ITRACONAZOL 100MG 15CAP DURA,,,,GEOLAB,4000/B,0,0,1,1,1,1,1,,18.73,18.73,,,,,,,,,,
,,88493,IVERMECTINA 6MG 4CP,,,,GLOBO,4000/,-4,0,0,0,3,3,1,,2.67,8.01,,,,,,,,,,
,,88226,IVERMECTINA 6MG 8CP,,,,VITAMEDIC,4000/,11,11,0,0,1,1,1,,3.55,3.55,,,,,,,,,,
,,85038,LEVOCETIRIZINA 5MG 10CP REV,,,,NEO QUIMICA,4000/C,17,17,1,1,1,1,1,,12,12,,,,,,,,,,
,,82034,LEVOFLOXACINO 750MG 5CP REV,,,,EUROFARMA,4000/,2,2,0,0,1,1,1,,17.37,17.37,,,,,,,,,,
,,15094,LEVOTIROXINA SOD 75MCG 30CP,,,,MERCK SA,4000/D,1,1,0,0,1,1,1,,11.56,11.56,,,,,,,,,,
,,54986,LOPERAMIDA 2MG 12CP,,,,GLOBO,4000/C,4,12,1,1,2,2,1,,2.54,5.08,,,,,,,,,,
,,57447,LORATADINA 1MG/ML XPE 100ML,,,,PRATI ,4000/,-9,0,0,0,7,7,1,,5.24,36.68,,,,,,,,,,
,,57569,LOSARTANA POT 50MG 30CP REV,,,,PRATI ,4000/,51,51,0,0,40,40,1,,1.78,71.2,,,,,,,,,,
,,70947,MELOXICAM 15MG 10CP,,,,UNICHEM FA ,4000/,6,6,0,0,2,2,1,,1.97,3.94,,,,,,,,,,
,,57400,METFORMINA 500MG 30CP REV,,,,PRATI ,4000/D,14,14,0,0,7,7,1,,2.83,19.81,,,,,,,,,,
,,74150,METOPROLOL 25MG 30CP REV L.P,,,,NEO QUIMICA,4000/D,1,1,1,1,2,2,1,,16.04,32.08,,,,,,,,,,
,,88073,MONTELUCASTE DE SOD 5MG 30CP,,,,RANBAXY,4000/,13,13,0,0,1,1,1,,13.27,13.27,,,,,,,,,,
,,57506,MUPIROCINA 20MG/G POM DERM 15G,,,,PRATI ,4000/A,1,1,2,2,4,4,1,,23.92,95.68,,,,,,,,,,
,,57406,NEOMICINA+BACIT POM DERM 15G,,,,PRATI ,4000/,1,1,0,0,6,6,1,,3.94,23.64,,,,,,,,,,
,,86973,NIMESULIDA 100MG 12CP,,,,PRATI ,4000/,49,49,0,0,38,38,1,,1.72,65.36,,,,,,,,,,
,,86132,NISTATINA 100.000UI/ML LIQ 50M,,,,TEUTO,4000/B,4,4,1,1,1,1,1,,7.1,7.1,,,,,,,,,,
,,76602,NISTATINA CR VAG 14APL 60G,,,,GEOLAB,4000/D,0,0,0,0,1,1,1,,13.31,13.31,,,,,,,,,,
,,31143,NISTATINA CR VAG APL 60G,,,,TEUTO,4000/D,1,1,0,0,1,1,1,,11.17,11.17,,,,,,,,,,
,,57385,NISTATINA+OX ZINC POM DERM 60G,,,,PRATI ,4000/,17,17,0,0,1,1,1,,7.62,7.62,,,,,,,,,,
,,43944,NISTATINA+OX ZINC POM DERM 60G,,,,NEO QUIMICA,4000/A,-3,50,1,2,5,5,1,,9.29,46.45,,,,,,,,,,
,,18667,NISTATINA+OX ZINC POM DERM 60G,,,,NOVA QUIMICA,4000/A,119,122,10,15,4,4,1,,9.36,37.44,,,,,,,,,,
,,82036,NITAZOXANIDA 20MG/ML SUS 45ML,,,,EUROFARMA,4000/B,2,6,1,2,1,1,1,,12.08,12.08,,,,,,,,,,
,,86707,NITAZOXANIDA 500MG 6CP REV,,,,EUROFARMA,4000/,0,3,0,0,4,4,1,,18.18,72.72,,,,,,,,,,
,,31043,NITROFURANTOINA 100MG 28CAP D,,,,TEUTO,4000/D,1,5,0,0,1,1,1,,7.6,7.6,,,,,,,,,,
,,84106,NORETISTERONA+ESTR AMP 1ML,,,,CIFARMA,4000/A,9,21,2,3,4,4,1,,10.41,41.64,,,,,,,,,,
,,55012,OMEPRAZOL 20MG 28CAP DURA L.R,,,,GLOBO,4000/B,0,0,1,1,4,4,1,,3.76,15.04,,,,,,,,,,
,,86300,OMEPRAZOL 20MG 28CAP DURA L.R,,,,PHARLAB,4000/B,5,5,1,2,3,3,1,,3.55,10.65,,,,,,,,,,
,,55013,OMEPRAZOL 20MG 56CAP DURA L.R,,,,GLOBO,4000/A,14,16,3,4,2,2,1,,5.21,10.42,,,,,,,,,,
,,86690,ONDANSETRONA 4MG 10CP OROD,,,,PHARLAB,4000/,9,12,0,0,3,3,1,,4.22,12.66,,,,,,,,,,
,,84664,PANTOPRAZOL 40MG 30CP REV L.R,,,,MEDQUIMICA,4000/A,0,6,5,7,5,5,1,,8.81,44.05,,,,,,,,,,
,,85249,PIROXICAM 20MG 10CAP,,,,PHARLAB,4000/D,5,5,0,0,2,2,1,,5.1,10.2,,,,,,,,,,
,,86372,PREDNISOLONA 20MG 10CP,,,,NEO QUIMICA,4000/,0,0,0,0,3,3,1,,6.46,19.38,,,,,,,,,,
,,87792,PREDNISOLONA 3MG/ML LIQ 120ML,,,,UNIAO ,4000/,0,0,0,0,2,2,1,,10.38,20.76,,,,,,,,,,
,,57487,PREDNISOLONA 3MG/ML LIQ 60ML,,,,PRATI ,4000/D,21,21,0,0,14,14,1,,6.53,91.42,,,,,,,,,,
,,86524,PREDNISOLONA 40MG 7CP,,,,ACHE,4000/,5,8,0,0,1,1,1,,9.7,9.7,,,,,,,,,,
,,86333,PREDNISOLONA 40MG 7CP,,,,NEO QUIMICA,4000/D,1,1,0,0,1,1,1,,11.96,11.96,,,,,,,,,,
,,57395,PREDNISONA 20MG 10CP,,,,PRATI ,4000/,15,15,0,0,6,6,1,,3.79,22.74,,,,,,,,,,
,,87892,PREDNISONA 20MG 20CP,,,,PRATI ,4000/,2,2,0,0,11,11,1,,5.73,63.03,,,,,,,,,,
,,57394,PREDNISONA 5MG 20CP,,,,PRATI ,4000/,1,1,0,0,6,6,1,,2.71,16.26,,,,,,,,,,
,,22110,PROPRANOLOL 40MG 30CP,,,,UNIAO ,4000/D,0,0,0,0,1,1,1,,3.2,3.2,,,,,,,,,,
,,86611,RIVAROXABANA 20MG 30CP REV,,,,NEO QUIMICA,4000/,2,4,0,0,1,1,1,,8.58,8.58,,,,,,,,,,
,,86049,ROSUVASTATINA 10MG 30CP REV,,,,PHARLAB,4000/B,0,0,1,1,1,1,1,,4.68,4.68,,,,,,,,,,
,,51403,ROSUVASTATINA 10MG 30CP REV,,,,SANDOZ,4000/,0,0,0,0,1,1,1,,6.08,6.08,,,,,,,,,,
,,85911,ROSUVASTATINA 20MG 30CP REV,,,,PHARLAB,4000/B,9,9,1,1,3,3,1,,8.48,25.44,,,,,,,,,,
,,88765,ROSUVASTATINA 40MG 30CP REV,,,,ACHE/BIOSINT,4000/,0,2,0,0,1,1,1,,59.2,59.2,,,,,,,,,,
,,78896,SECNIDAZOL 1000MG 2CP,,,,GLOBO,4000/A,3,3,2,3,6,6,1,,2.83,16.98,,,,,,,,,,
,,86976,SILDENAFILA 50MG 4CP REV,,,,PRATI ,4000/,9,9,0,0,12,12,1,,1,12,,,,,,,,,,
,,51278,SINVASTATINA 20MG 30CP REV,,,,SANDOZ,4000/D,0,6,0,0,4,4,1,,4.03,16.12,,,,,,,,,,
,,51281,SINVASTATINA 40MG 30CP REV,,,,SANDOZ,4000/D,2,10,0,0,3,3,1,,6.65,19.95,,,,,,,,,,
,,30884,SULFAMET+TRIM 400MG+80MG 20CP,,,,TEUTO,4000/D,8,8,0,0,1,1,1,,6.38,6.38,,,,,,,,,,
,,30684,SULFAMET+TRIM LIQ 100ML,,,,TEUTO,4000/D,1,1,0,0,1,1,1,,5.4,5.4,,,,,,,,,,
,,21601,TADALAFILA 5MG 30CP REV,,,,EMS,4000/D,29,29,0,0,1,1,1,,6.49,6.49,,,,,,,,,,
,,87079,TADALAFILA 5MG 30CP REV,,,,PHARLAB,4000/,2,2,0,0,3,3,1,,5.38,16.14,,,,,,,,,,
,,76746,"TANSULOSINA 0,4MG 20CAP DURA L",,,,GEOLAB,4000/D,0,1,0,0,1,1,1,,34.02,34.02,,,,,,,,,,
,,86018,"TANSULOSINA 0,4MG 30CP REV L.P",,,,ZYDUS/NIKKHO,4000/D,0,0,0,0,1,1,1,,36,36,,,,,,,,,,
,,57527,TIOCONAZOL+TINID CR VAG 35G,,,,PRATI ,4000/,2,2,0,0,2,2,1,,19.47,38.94,,,,,,,,,,
,,17758,TOBRAMICINA 3MG/ML COL 5ML,,,,LEGRAND,4000/D,0,1,0,0,2,2,1,,6.07,12.14,,,,,,,,,,
,,86000,TOBRAMICINA 3MG/ML COL 5ML,,,,GEOLAB,4000/A,5,9,3,4,3,3,1,,7.71,23.13,,,,,,,,,,
,,20585,TRIANCINOLONA 1MG/G POM 10G,,,,EMS,4000/B,2,6,1,1,1,1,1,,4.87,4.87,,,,,,,,,,
,,86514,TROMETAMOL 10MG 10CP SUBL,,,,UNIAO ,4000/,-1,0,0,0,3,3,1,,4.92,14.76,,,,,,,,,,
,,86409,TROMETAMOL 10MG 10CP SUBL,,,,ACHE/BIOSINT,4000/,1,3,0,0,2,2,1,,8.44,16.88,,,,,,,,,,
,,Total Grupo:,,,,,,,,,,,,,,4727.2,,,,,,,,,,,,
,,Grupo:,,,RX,,,,,,,,,,,,,,,,,,,,,,,
,,28297,ACNASE GEL DERM 20G,,,,BIOLAB SANUS,3000/,0,0,0,0,1,1,1,,45.01,45.01,,,,,,,,,,
,,88216,ADEFORTE TURBO AMP ORAL 3ML,,,,GROSS,3000/,-2,0,0,0,2,2,1,,37.02,74.04,,,,,,,,,,
,,35848,AEROLIN 100MCG/DO SPR 200DOS,,,,GSK,3000/A,1,1,2,3,1,1,1,,19.62,19.62,,,,,,,,,,
,,83726,ALGINAC 15CP REV,,,,P&G,3000/A,0,0,1,2,3,3,1,,30.49,91.47,,,,,,,,,,
,,88036,AMOME 50MCG SPR 60DOS,,,,HYPERA,3000/,-1,0,0,0,1,1,1,,36.59,36.59,,,,,,,,,,
,,54548,ANNITA 20MG/ML SUS 45ML,,,,FQM GRUPO,3000/A,3,5,1,2,2,2,1,,27.41,54.82,,,,,,,,,,
,,87804,APRESOLINA 25MG 20CP REV,,,,GENOM,3000/,3,3,0,0,1,1,1,,8.28,8.28,,,,,,,,,,
,,87805,APRESOLINA 50MG 20CP REV,,,,GENOM,3000/,1,1,0,0,3,3,1,,12.04,36.12,,,,,,,,,,
,,88809,APRESOLINA 50MG 60CP REV,,,,GENOM,3000/,0,0,0,0,2,2,1,,33.65,67.3,,,,,,,,,,
,,31355,ARADOIS 50MG 30CP REV,,,,BIOLAB SANUS,3000/A,10,18,3,5,4,4,1,,7.12,28.48,,,,,,,,,,
,,42100,ARTROSIL 160MG 10CAP GEL DURA,,,,ACHE,3000/B,1,1,1,1,1,1,1,,31.75,31.75,,,,,,,,,,
,,42432,AVIDE 100MG 9CAP DURA,,,,ACHE,3000/B,1,3,1,1,2,2,1,,46.11,92.22,,,,,,,,,,
,,21783,BALS BENGUE GEL DERM 20G,,,,EMS/SIGMA ,3000/B,1,2,1,1,1,1,1,,22.55,22.55,,,,,,,,,,
,,21782,BALS BENGUE POM DERM 20G,,,,EMS/SIGMA ,3000/A,2,4,2,2,1,1,1,,20.21,20.21,,,,,,,,,,
,,29086,BENEGRIP ENV 6CP REV,,,,HYPERA,3000/A,54,60,9,13,9,9,25,,11.91,107.19,,,,,,,,,,
,,14012,BETATRINTA 5MG+2MG AMP 1ML,,,,EUROFARMA,3000/A,0,1,2,3,3,3,1,,26.97,80.91,,,,,,,,,,
,,86030,BEXAI 35MG 10CAP DURA,,,,EMS/SIGMA ,3000/C,0,0,1,1,3,3,1,,59.99,179.97,,,,,,,,,,
,,82062,BICERTO 150MG 10CP LIB PROL,,,,EUROFARMA,3000/B,0,0,1,1,1,1,1,,40.42,40.42,,,,,,,,,,
,,29265,BIOTONICO FONTOURA LIQ UVA 40,,,,HYPERA,3000/,0,0,0,0,2,2,1,,38.47,76.94,,,,,,,,,,
,,87090,BIOZINC 10MG/ML GTS 15ML,,,,ACHE,3000/,0,0,0,0,2,2,1,,21.64,43.28,,,,,,,,,,
,,42440,BIOZINC KIDS LIQ 75ML,,,,ACHE,3000/B,-1,2,1,1,2,2,1,,31.75,63.5,,,,,,,,,,
,,86180,BUCLINA 25MG 30CP,,,,HYPERA,3000/A,9,13,2,3,1,1,1,,17.37,17.37,,,,,,,,,,
,,84665,BUSCODUO 20CP REV,,,,HYPERA,3000/B,2,4,1,1,2,2,1,,28.8,57.6,,,,,,,,,,
,,25713,BUSCOFEM 400MG 2CAP GEL MOLE,,,,HYPERA,3000/,41,41,0,0,2,2,1,,5.74,11.48,,,,,,,,,,
,,84728,BUSCOPAN 10MG 20DRG,,,,HYPERA,3000/A,12,15,4,5,2,2,1,,20.54,41.08,,,,,,,,,,
,,86181,BUSCOPAN 10MG/ML GTS 20ML,,,,HYPERA,3000/A,6,8,2,2,4,4,1,,21.25,85,,,,,,,,,,
,,84408,BUSCOPAN COMP 20CP REV,,,,HYPERA,3000/A,23,25,7,10,5,5,1,,21.25,106.25,,,,,,,,,,
,,88552,BUSCOPAN COMP ENV 4CP,,,,HYPERA,3000/,10,10,0,0,4,4,30,,5.4,21.6,,,,,,,,,,
,,25635,BUSCOPAN COMP GTS 20ML,,,,HYPERA,3000/,0,0,0,0,4,4,1,,21.97,87.88,,,,,,,,,,
,,32749,BUSONID 32MCG AQ NASAL 120DOS,,,,ACHE,3000/B,0,1,1,2,2,2,1,,25.03,50.06,,,,,,,,,,
,,32750,BUSONID 64MCG AER NASAL 120DOS,,,,ACHE,3000/C,0,1,1,1,1,1,1,,28.27,28.27,,,,,,,,,,
,,88764,CALCITRAN TRIFLEX 30CP REV,,,,FQM GRUPO,3000/,0,0,0,0,1,1,1,,63.73,63.73,,,,,,,,,,
,,22053,"CICLO 21 0,15MG+0,03MG 21CP R",,,,UNIAO ,3000/A,54,54,16,23,20,20,1,,7.61,152.2,,,,,,,,,,
,,11622,COBAVITAL 1MG+4MG 30MICR,,,,ABBOTT,3000/B,2,3,1,1,1,1,1,,36.67,36.67,,,,,,,,,,
,,18002,CONTRACEP 150MG/ML AMP IM 1ML,,,,EMS/SIGMA ,3000/A,2,4,1,2,1,1,1,,27.1,27.1,,,,,,,,,,
,,85372,CORISTINA D PRO ENV 4CP,,,,HYPERA,3000/A,77,170,6,8,13,13,55,,9.06,117.78,,,,,,,,,,
,,32850,CORUS 50MG 30CP REV,,,,ACHE,3000/A,7,12,1,2,2,2,1,,11.39,22.78,,,,,,,,,,
,,86289,CUTISANOL GEL DERM 100G,,,,CRISTALIA,3000/D,0,1,0,0,1,1,1,,61.02,61.02,,,,,,,,,,
,,41988,"DECADRON 0,75MG 20CP",,,,ACHE,3000/B,1,1,1,1,1,1,1,,12.56,12.56,,,,,,,,,,
,,41932,DECONGEX PLUS 12CP REV L.P,,,,ACHE,3000/B,2,3,1,1,1,1,1,,28.04,28.04,,,,,,,,,,
,,15067,"DICLIN 2MG+0,035MG 63CP REV",,,,MERCK SA,3000/,0,0,0,0,1,1,3,,15.62,15.62,,,,,,,,,,
,,10570,DIPROSPAN AMP INJ 1ML,,,,HYPERA,3000/B,6,8,1,2,1,1,1,,39.56,39.56,,,,,,,,,,
,,82340,DORFLEX 24CP,,,,OPELLA/SANOF,3000/A,2,2,2,2,1,1,1,,14.09,14.09,,,,,,,,,,
,,9557,DORFLEX 36CP,,,,OPELLA/SANOF,3000/B,3,3,1,2,1,1,1,,18.75,18.75,,,,,,,,,,
,,9445,DORFLEX ENV 10CP,,,,OPELLA/SANOF,3000/A,-2,0,28,42,24,24,30,,6.04,144.96,,,,,,,,,,
,,29160,DORIL ENXAQUECA ENV 4CP REV,,,,HYPERA,3000/A,55,55,2,3,1,1,25,,7.68,7.68,,,,,,,,,,
,,84409,DRAMIN B6 30CP REV,,,,HYPERA,3000/A,11,12,4,5,1,1,1,,19.25,19.25,,,,,,,,,,
,,85451,DRAMIN B6 GTS 30ML,,,,HYPERA,3000/A,4,8,2,2,2,2,1,,18.3,36.6,,,,,,,,,,
,,41715,DRAMIN CAPSGEL 25MG 10CAP,,,,HYPERA,3000/,2,2,0,0,2,2,1,,18.3,36.6,,,,,,,,,,
,,41717,DRAMIN CAPSGEL 50MG 10CAP,,,,HYPERA,3000/,2,2,0,0,2,2,1,,18.12,36.24,,,,,,,,,,
,,9545,ENTEROGERMINA 10FLAC 5ML,,,,OPELLA/SANOF,3000/A,3,6,3,5,6,6,1,,40.28,241.68,,,,,,,,,,
,,29092,EPOCLER ABACAXI FLAC 10ML,,,,HYPERA,3000/A,36,36,8,11,10,10,60,,3.4,34,,,,,,,,,,
,,85651,FACOBA 5MG+1MG/ML COL 5ML,,,,LEGRAND,3000/B,2,2,1,1,1,1,1,,39.6,39.6,,,,,,,,,,
,,28067,FENERGAN 25MG 20DRG,,,,OPELLA/SANOF,3000/D,1,1,0,0,1,1,1,,17.32,17.32,,,,,,,,,,
,,10122,FLANAX 550MG 10CP REV,,,,BAYER SA,3000/D,0,0,0,0,2,2,1,,23.29,46.58,,,,,,,,,,
,,41513,FLANCOX 500MG 14CP REV,,,,APSEN,3000/A,3,3,7,10,2,2,1,,36.84,73.68,,,,,,,,,,
,,85822,FLANCOX 600MG 14CP REV,,,,APSEN,3000/A,2,2,3,4,5,5,1,,52.26,261.3,,,,,,,,,,
,,42036,"FLOGORAL 1,5MG/ML SPR CER 30ML",,,,ACHE,3000/,1,1,0,0,1,1,1,,34.67,34.67,,,,,,,,,,
,,42047,FLOGORAL 3MG CER 12PAST,,,,ACHE,3000/,2,2,0,0,1,1,1,,14.94,14.94,,,,,,,,,,
,,85453,FLORATIL 100MG 12CAP,,,,FQM GRUPO,3000/A,2,2,1,2,1,1,1,,46.49,46.49,,,,,,,,,,
,,85454,FLORATIL 200MG/G 4ENV 1G,,,,FQM GRUPO,3000/B,3,4,1,1,5,5,1,,33.37,166.85,,,,,,,,,,
,,43137,FLORAX PED 5FLAC 5ML,,,,HEBRON,3000/B,0,1,1,1,1,1,1,,31.25,31.25,,,,,,,,,,
,,43171,FLORAX PED 5FLAC 5ML,,,,HEBRON,3000/A,0,1,2,3,4,4,1,,33.73,134.92,,,,,,,,,,
,,85375,FLORAX SM FRAM PED 10FLAC 5ML,,,,HEBRON,3000/C,0,0,1,1,1,1,1,,54,54,,,,,,,,,,
,,84159,FLORAX SM UVA AD 5FLAC 5ML,,,,HEBRON,3000/D,0,0,1,1,2,2,1,,41.2,82.4,,,,,,,,,,
,,22066,FOLDAN 50MG/G POM DERM 45G,,,,UNIAO ,3000/,1,1,0,0,1,1,1,,29.4,29.4,,,,,,,,,,
,,88093,GINO CAN BALANCE 7APL 5ML,,,,BAYER SA,3000/,0,0,0,0,1,1,1,,61,61,,,,,,,,,,
,,83406,GLIFAGE XR 500MG 30CP L.P,,,,MERCK SA,3000/A,14,23,16,23,8,8,1,,7.75,62,,,,,,,,,,
,,70637,"HORA H UNO 1,5MG 1CP",,,,ACHE,3000/,98,99,0,0,7,7,1,,1.68,11.76,,,,,,,,,,
,,33772,IMOSEC 2MG 12CP,,,,CELLERA,3000/B,-1,1,1,1,2,2,1,,9.5,19,,,,,,,,,,
,,41665,KALOBA 825MG/ML GTS 20ML,,,,HERBARIUM,3000/D,2,2,0,0,1,1,1,,87.8,87.8,,,,,,,,,,
,,85071,KOIDE D XPE 120ML,,,,MOMENTA,3000/A,0,3,3,5,3,3,1,,43.96,131.88,,,,,,,,,,
,,22245,LACRIFILM 5MG/ML COL 10ML,,,,GENOM,3000/A,0,2,2,3,3,3,1,,31.92,95.76,,,,,,,,,,
,,29090,LACTO PURGA 5MG ENV 6CP REV,,,,HYPERA,3000/A,23,48,5,7,2,2,25,,4.73,9.46,,,,,,,,,,
,,31321,"LEVEL 0,100MG+0,020MG 63CP REV",,,,BIOLAB SANUS,3000/C,3,3,1,1,2,2,3,,23.52,47.04,,,,,,,,,,
,,49051,LISADOR 16CP,,,,HYPERA,3000/B,2,4,1,1,1,1,1,,40.39,40.39,,,,,,,,,,
,,24252,LUFTAL 75MG/ML CER GTS 15ML,,,,RECKITT ,3000/A,5,6,3,4,1,1,1,,28.11,28.11,,,,,,,,,,
,,84160,LUFTAL 75MG/ML GTS INF 15ML,,,,RECKITT ,3000/D,3,3,0,0,3,3,1,,36.14,108.42,,,,,,,,,,
,,10654,MACRODANTINA 100MG 28CAP DURA,,,,HYPERA,3000/,2,2,0,0,1,1,1,,13.79,13.79,,,,,,,,,,
,,86480,MAGNESIA BISUR MENT ENV 10PAST,,,,ASPEN PHARMA,3000/,18,18,0,0,4,4,20,,10.43,41.72,,,,,,,,,,
,,54621,"MARESIS BABY 0,9% 360 SP 100ML",,,,FQM GRUPO,3000/D,0,0,0,0,1,1,1,,47.33,47.33,,,,,,,,,,
,,40859,MAXIDEX 1MG/ML COL 5ML,,,,NOVARTIS,3000/D,0,1,0,0,1,1,1,,9.51,9.51,,,,,,,,,,
,,41508,MECLIN 25MG 15CP,,,,APSEN,3000/B,0,1,1,1,1,1,1,,25.17,25.17,,,,,,,,,,
,,86182,"MICROVLAR 0,15MG+0,03MG 63DRG",,,,GENOM,3000/C,8,8,1,1,3,3,3,,8.13,24.39,,,,,,,,,,
,,49047,MIOFLEX A 12CP,,,,HYPERA,3000/B,0,0,1,1,2,2,1,,20.91,41.82,,,,,,,,,,
,,87422,MIOGESIC LIS 125MG+5MG 15CP,,,,EMS/SIGMA ,3000/,0,0,0,0,2,2,1,,31.1,62.2,,,,,,,,,,
,,41530,MIOSAN 10MG 10CP REV,,,,APSEN,3000/B,1,2,1,1,2,2,1,,9.1,18.2,,,,,,,,,,
,,55254,"MONURIL 5,631G/G 1ENV 8G GRAN",,,,ZAMBON,3000/B,2,3,1,1,1,1,1,,63.87,63.87,,,,,,,,,,
,,14429,MUD ORAL POM BUC 10G,,,,MOMENTA,3000/,1,1,0,0,1,1,1,,17.17,17.17,,,,,,,,,,
,,14240,MUSCULARE 10MG 15CP REV,,,,EUROFARMA,3000/A,1,1,1,2,2,2,1,,17.66,35.32,,,,,,,,,,
,,28869,MUVINLAX PO OR LIMAO 20SAC 14G,,,,LIBBS,3000/B,1,2,1,1,1,1,1,,54.01,54.01,,,,,,,,,,
,,88544,NAUCLOZ 25MG 15CP OROD,,,,ACHE,3000/,-1,0,0,0,1,1,1,,20.56,20.56,,,,,,,,,,
,,41681,NEOSALDINA ENV 4DRG,,,,HYPERA,3000/A,-11,0,10,14,7,7,50,,5.93,41.51,,,,,,,,,,
,,86442,NEOVLAR 63DRG,,,,GENOM,3000/,4,6,0,0,6,6,3,,7.49,44.94,,,,,,,,,,
,,14401,NOEX 50MCG SPR 200DOS,,,,EUROFARMA,3000/B,2,2,1,1,1,1,1,,62.92,62.92,,,,,,,,,,
,,86239,NORIPURUM 50MG/ML GTS 30ML,,,,BLANVER S.A,3000/C,0,1,1,1,1,1,1,,39.81,39.81,,,,,,,,,,
,,87154,NOVALGINA 50MG/ML LIQ 100ML,,,,OPELLA/SANOF,3000/,4,4,0,0,1,1,1,,39.74,39.74,,,,,,,,,,
,,74472,PROCTAN POM RETAL 25G,,,,GENOMMA LAB,3000/B,0,1,1,2,2,2,1,,50.58,101.16,,,,,,,,,,
,,87568,PROVANCE MINI 360MG 5SAC,,,,ACHE,3000/,2,2,0,0,1,1,1,,27.89,27.89,,,,,,,,,,
,,33425,"PULMICORT 0,25MG/ML SUS NEB 2",,,,ASTRAZENECA ,3000/,-1,0,0,0,1,1,1,,126.95,126.95,,,,,,,,,,
,,51559,PURAN T4 112MCG 30CP,,,,MEDLEY / SANO,3000/B,2,6,1,1,1,1,1,,26.4,26.4,,,,,,,,,,
,,51521,PURAN T4 25MCG 30CP,,,,MEDLEY / SANO,3000/A,3,6,1,2,1,1,1,,15.14,15.14,,,,,,,,,,
,,51558,PURAN T4 88MCG 30CP,,,,MEDLEY / SANO,3000/C,3,4,1,1,1,1,1,,20.56,20.56,,,,,,,,,,
,,16010,PYRIDIUM 200MG 18DRG,,,,ADIUM S.A.,3000/A,2,3,1,2,3,3,1,,29.08,87.24,,,,,,,,,,
,,10112,REDOXON 200MG/ML GTS 20ML,,,,BAYER SA,3000/A,5,5,2,2,3,3,4,,18,54,,,,,,,,,,
,,85239,REDOXON TR AC LAR 10CP EFERV,,,,BAYER SA,3000/C,6,6,1,1,1,1,1,,14.68,14.68,,,,,,,,,,
,,24005,SAL DE FRUTA ENO ABAC 2ENV 5G,,,,HALEON,3000/,-1,0,0,0,1,1,1,,2.94,2.94,,,,,,,,,,
,,23955,SAL DE FRUTA ENO GUAR 2ENV 5G,,,,HALEON,3000/B,-2,0,1,1,1,1,30,,3.3,3.3,,,,,,,,,,
,,23915,SAL DE FRUTA ENO LAR 2ENV 5G,,,,HALEON,3000/A,-10,0,7,10,9,9,30,,3.29,29.61,,,,,,,,,,
,,34482,SALONPAS AER 80ML,,,,HISAMITSU,3000/C,0,1,1,1,1,1,1,,41.74,41.74,,,,,,,,,,
,,82071,SALONPAS EMPLASTRO G 2UN,,,,HISAMITSU,3000/A,17,192,3,5,5,5,1,,8.76,43.8,,,,,,,,,,
,,82072,SALONPAS EMPLASTRO P 4UN,,,,HISAMITSU,3000/A,15,15,5,8,4,4,1,,4.39,17.56,,,,,,,,,,
,,87112,SANY D 200UI MACA VER GTS 20ML,,,,ACHE,3000/,0,0,0,0,1,1,1,,27.34,27.34,,,,,,,,,,
,,33472,SELOZOK 25MG 30CP REV L.C,,,,ASTRAZENECA ,3000/C,0,1,1,1,1,1,1,,31.6,31.6,,,,,,,,,,
,,88676,SONRISAL LAR ENV 2CP EFERV,,,,HALEON,3000/,-21,0,0,0,1,1,1,,2,2,,,,,,,,,,
,,85138,SONRISAL LIMAO 10CP EFERV,,,,HALEON,3000/D,18,18,0,0,1,1,5,,2.44,2.44,,,,,,,,,,
,,82043,SONRISAL LIMAO ENV 2CP EFERV,,,,HALEON,3000/A,-16,0,9,14,7,7,30,,2.02,14.14,,,,,,,,,,
,,82042,SONRISAL TRAD ENV 2CP EFERV,,,,HALEON,3000/A,44,44,12,18,3,3,30,,2.02,6.06,,,,,,,,,,
,,8632,STREPSILS MEL+LIM 8PAST,,,,RECKITT ,3000/B,1,1,1,1,2,2,1,,14.34,28.68,,,,,,,,,,
,,83873,TAMISA 20 75MCG+20MCG 63CP REV,,,,EUROFARMA,3000/B,3,3,1,1,1,1,3,,26.51,26.51,,,,,,,,,,
,,16041,"TECNOMET 2,5MG 20CP",,,,ADIUM S.A.,3000/B,1,1,1,1,1,1,1,,31.32,31.32,,,,,,,,,,
,,70535,TIORFAN 100MG 9CAP DURA,,,,BAGO,3000/D,2,2,0,0,1,1,1,,52.83,52.83,,,,,,,,,,
,,86978,TORAGESIC 10MG 20CP SUBL,,,,EMS/SIGMA ,3000/,-1,0,0,0,1,1,1,,32.04,32.04,,,,,,,,,,
,,14300,TROK CR DERM 30G,,,,EUROFARMA,3000/B,2,2,1,1,1,1,1,,34.43,34.43,,,,,,,,,,
,,14301,TROK N CR DERM 30G,,,,EUROFARMA,3000/B,0,0,1,2,2,2,1,,35.75,71.5,,,,,,,,,,
,,17887,TROPINAL 20CP,,,,EMS/SIGMA ,3000/B,2,4,1,1,1,1,1,,21.67,21.67,,,,,,,,,,
,,86447,TYLENOL 750MG ENV 4CP REV,,,,KENVUE ,3000/,37,37,0,0,3,3,50,,5.05,15.15,,,,,,,,,,
,,83391,"UNIZINCO 17,6MG/ML LIQ 100ML",,,,MYRALIS,3000/C,6,7,1,1,3,3,1,,27.57,82.71,,,,,,,,,,
,,28763,"VICK INALADOR TUBO 0,5G",,,,P&G,3000/A,4,4,3,4,2,2,12,,16.89,33.78,,,,,,,,,,
,,28764,VICK VAPORUB UNGUENTO TOP 12G,,,,P&G,3000/A,119,143,14,21,24,24,24,,15.66,375.84,,,,,,,,,,
,,46882,VITACID XT 1MG/G CR DERM 25G,,,,THERASKIN,3000/,0,0,0,0,1,1,1,,65.41,65.41,,,,,,,,,,
,,41735,XANTINON 30CP REV,,,,UNIAO ,3000/B,5,5,1,2,2,2,1,,13.3,26.6,,,,,,,,,,
,,83647,XANTINON COMPLEX FLAC 10ML,,,,UNIAO ,3000/,22,22,0,0,3,3,1,,2.92,8.76,,,,,,,,,,
,,85583,XANTINON ENV 10CP REV,,,,UNIAO ,3000/A,2,12,5,7,3,3,10,,5.02,15.06,,,,,,,,,,
,,Total Grupo:,,,,,,,,,,,,,,6953.01,,,,,,,,,,,,
,,Grupo:,,,SIMILARES,,,,,,,,,,,,,,,,,,,,,,,
,,84960,ABERALGINA 500MG/ML GTS 10ML,,,,AIRELA,2000/D,0,0,0,0,8,8,1,,1.28,10.24,,,,,,,,,,
,,16307,ACERATUM 100MG/ML SOL OTOL 10,,,,DELTA ,2000/B,1,2,1,1,1,1,1,,12.13,12.13,,,,,,,,,,
,,88716,ACETILCISTEINA XPE AD 100ML,,,,AROMA BEM ,2000/,0,0,0,0,4,4,1,,9.89,39.56,,,,,,,,,,
,,88577,ACETILCISTEINA XPE PED 100ML,,,,AROMA BEM ,2000/,-1,0,0,0,3,3,1,,9.89,29.67,,,,,,,,,,
,,16541,ACFOL 5MG/ML GTS 10ML,,,,CAZI,2000/,3,5,0,0,1,1,1,,10.95,10.95,,,,,,,,,,
,,76802,ACU FRESH 5MG/ML COL 10ML,,,,GEOLAB,2000/A,1,7,1,2,2,2,1,,10.97,21.94,,,,,,,,,,
,,86792,ACU FRESH G 5MG+9MG/ML COL 10M,,,,GEOLAB,2000/,-3,0,0,0,1,1,1,,11.24,11.24,,,,,,,,,,
,,34746,ADVANSEPT 1% SPR DERM 30ML,,,,ADV,2000/,2,2,0,0,3,3,1,,6.33,18.99,,,,,,,,,,
,,30904,AERODINI 100MCG SPR 200DOS,,,,TEUTO,2000/A,5,5,2,3,2,2,1,,14.36,28.72,,,,,,,,,,
,,54070,AEROFRIN 100MCG/DO SPR 200DOS,,,,PHARMASCIENC,2000/D,-2,4,0,0,6,6,1,,16.57,99.42,,,,,,,,,,
,,85558,ALBEL 400MG 3CP MAST,,,,GEOLAB,2000/B,1,1,1,1,2,2,1,,4.45,8.9,,,,,,,,,,
,,86225,ALBEL 400MG 5CP MAST,,,,GEOLAB,2000/A,-1,2,2,2,1,1,1,,7.33,7.33,,,,,,,,,,
,,20606,ALERGALIV 10MG 15CP,,,,LEGRAND,2000/D,14,14,0,0,27,27,1,,1.49,40.23,,,,,,,,,,
,,84452,APAXY 300MG 20CP REV,,,,GEOLAB,2000/D,0,0,0,0,1,1,1,,14.72,14.72,,,,,,,,,,
,,20153,APEVITIN BC LIQ 240ML,,,,EMS,2000/A,2,6,3,5,2,2,1,,9.56,19.12,,,,,,,,,,
,,52783,BACINA POM DERM 10G,,,,BELFAR/ALTEFA,2000/A,0,0,3,5,3,3,1,,3.42,10.26,,,,,,,,,,
,,31179,BACTERACIN 400MG+80MG 20CP,,,,TEUTO,2000/D,1,1,0,0,2,2,1,,6.33,12.66,,,,,,,,,,
,,87704,BASILICAO UBERPHARMA POM 27G,,,,UBERPHARMA,2000/,0,0,0,0,2,2,1,,15.39,30.78,,,,,,,,,,
,,52751,BELFAREN 50MG 20CP REV,,,,BELFAR/ALTEFA,2000/C,1,1,1,1,1,1,1,,1.86,1.86,,,,,,,,,,
,,84066,BENEUM 300MG 30CP REV,,,,TEUTO,2000/B,2,2,1,1,1,1,1,,17.13,17.13,,,,,,,,,,
,,86605,BENZOATO DE BENZILA EMULS 100M,,,,NATIVITA IND ,2000/,4,7,0,0,1,1,1,,6.94,6.94,,,,,,,,,,
,,76540,BESILAPIN 5MG 30CP,,,,GEOLAB,2000/D,9,9,0,0,2,2,1,,1.91,3.82,,,,,,,,,,
,,85594,BETACORTAZOL CR DERM 30G,,,,BELFAR/ALTEFA,2000/A,6,6,8,11,6,6,1,,6.42,38.52,,,,,,,,,,
,,76646,"BETOGENTA 0,64MG+1MG/G CR 30G",,,,GEOLAB,2000/A,3,6,1,2,1,1,1,,7.71,7.71,,,,,,,,,,
,,76625,BETRICORT CR DERM 30G,,,,GEOLAB,2000/B,4,4,1,1,1,1,1,,7.7,7.7,,,,,,,,,,
,,76626,BETRICORT POM DERM 30G,,,,GEOLAB,2000/C,2,8,1,1,1,1,1,,9.27,9.27,,,,,,,,,,
,,86420,BIOFOR C 1G+1G 16CP EFERV,,,,VITAMED,2000/,0,0,0,0,1,1,1,,16.17,16.17,,,,,,,,,,
,,39521,BUPROVIL 600MG 20CP REV,,,,MULTILAB,2000/A,38,48,2,2,22,22,1,,4.77,104.94,,,,,,,,,,
,,78026,BUSCOPLEX CPTO GTS 20ML,,,,NATULAB ,2000/A,2,2,2,2,1,1,1,,8.61,8.61,,,,,,,,,,
,,61316,CAMOMINE MAIS 20CAP,,,,ARTE NATIVA,2000/C,1,2,1,1,1,1,1,,13.38,13.38,,,,,,,,,,
,,30570,CANDITRAT 100.000UI/ML LIQ 50M,,,,TEUTO,2000/C,2,2,0,0,1,1,1,,6.55,6.55,,,,,,,,,,
,,20779,CEDROXIL 500MG 8CAP DURA,,,,LEGRAND,2000/A,3,4,2,3,1,1,1,,10.58,10.58,,,,,,,,,,
,,20353,"CELERG 2MG+0,25MG 20CP",,,,LEGRAND,2000/A,1,4,2,2,6,6,1,,8.86,53.16,,,,,,,,,,
,,20356,CELERG XPE 120ML,,,,LEGRAND,2000/A,20,28,5,7,2,2,1,,14.92,29.84,,,,,,,,,,
,,22222,CELESTRAT XPE 120ML,,,,UNIAO ,2000/,2,2,0,0,3,3,1,,6.23,18.69,,,,,,,,,,
,,84067,CENEVIT 1G LARAN 10CP EFERV,,,,LEGRAND,2000/A,110,132,6,9,4,4,1,,3.74,14.96,,,,,,,,,,
,,85899,CENEVIT TR AC 10CP EFERV,,,,LEGRAND,2000/B,55,59,1,1,2,2,1,,8.63,17.26,,,,,,,,,,
,,88300,CENTROLIV HOMEM 50+ 30CP,,,,KRESS ,2000/,1,1,0,0,1,1,1,,29,29,,,,,,,,,,
,,58378,CETOBETA CR DERM 30G,,,,DELTA ,2000/B,4,7,1,1,1,1,1,,9.97,9.97,,,,,,,,,,
,,86604,CETOCONAZOL 20MG/G CR DERM 30G,,,,NATIVITA IND ,2000/,-1,0,0,0,1,1,1,,4.71,4.71,,,,,,,,,,
,,52419,CETOCONAZOL 20MG/ML SH 100ML,,,,NATIVITA IND ,2000/C,2,3,1,1,1,1,1,,7.57,7.57,,,,,,,,,,
,,30850,CETOCORT CR DERM 30G,,,,TEUTO,2000/B,1,1,1,1,1,1,1,,6.32,6.32,,,,,,,,,,
,,30525,CETOCORT N POM DERM 30G,,,,TEUTO,2000/,6,6,0,0,1,1,1,,9.55,9.55,,,,,,,,,,
,,40437,CIMEGRIPE 20CAP,,,,CIMED,2000/A,4,4,5,7,4,4,1,,9.83,39.32,,,,,,,,,,
,,76642,CIPRIXIN DEXA COL 5ML,,,,GEOLAB,2000/,0,0,0,0,1,1,1,,11.01,11.01,,,,,,,,,,
,,76631,CISTEIL 20MG/ML XPE PED 120ML,,,,GEOLAB,2000/D,6,6,0,0,9,9,1,,9.83,88.47,,,,,,,,,,
,,76632,CISTEIL 40MG/ML XPE 120ML,,,,GEOLAB,2000/B,14,14,1,1,4,4,1,,10.94,43.76,,,,,,,,,,
,,88902,CISTEIL 600MG 10SAC 5G,,,,GEOLAB,2000/,2,2,0,0,3,3,1,,11.49,34.47,,,,,,,,,,
,,76578,"CIXIN 0,5MG 20CP",,,,GEOLAB,2000/B,6,6,1,1,1,1,1,,7.17,7.17,,,,,,,,,,
,,51416,CLAXAM 500+125MG 14CP REV,,,,SANDOZ,2000/D,-1,0,0,0,1,1,1,,36.53,36.53,,,,,,,,,,
,,31177,CLINDAMIN C 300MG 16CAP DURA,,,,TEUTO,2000/B,6,8,1,2,6,6,1,,15.19,91.14,,,,,,,,,,
,,86178,"CLOPE 3,54MG/ML XPE 120ML",,,,EMS,2000/C,4,4,1,1,1,1,1,,18.61,18.61,,,,,,,,,,
,,21936,COLACT S/SAB LIQ 120ML,,,,UNIAO ,2000/,1,1,0,0,1,1,1,,10.92,10.92,,,,,,,,,,
,,85718,"COLEGORICO 0,2ML/ML GTS 30ML",,,,LAPON ,2000/D,10,22,0,0,3,3,12,,2.68,8.04,,,,,,,,,,
,,76693,COLIRIO GEOLAB COL 20ML,,,,GEOLAB,2000/A,8,8,4,5,8,8,1,,4.01,32.08,,,,,,,,,,
,,88951,COMPLEXO B 60CP,,,,NUTIVIT,2000/,1,1,0,0,1,1,1,,4.72,4.72,,,,,,,,,,
,,43663,CORTICORTEN 20MG 20CP,,,,NEO QUIMICA,2000/A,2,5,1,2,2,2,1,,7.85,15.7,,,,,,,,,,
,,52686,"DELTAPIL 0,20MG/ML SH 100ML",,,,BELFAR/ALTEFA,2000/A,6,9,2,2,2,2,1,,9.95,19.9,,,,,,,,,,
,,21751,DERMOBENE 10MG/G CR DERM 20G,,,,LEGRAND,2000/C,2,4,1,1,1,1,1,,7.03,7.03,,,,,,,,,,
,,16253,DERMOSALIC POM DERM 30G,,,,DELTA ,2000/B,1,1,1,1,2,2,1,,11.6,23.2,,,,,,,,,,
,,88847,DESLAC 10.000FCC 8CP MAST,,,,MAXINUTRI,2000/,2,2,0,0,1,1,1,,12.05,12.05,,,,,,,,,,
,,50992,DIASEC 2MG 12CP,,,,SANDOZ,2000/B,2,2,1,1,1,1,1,,3.74,3.74,,,,,,,,,,
,,18639,DIGESIGMA 10MG 20CAP GEL DURA,,,,MULTILAB,2000/B,4,4,1,1,1,1,1,,8.23,8.23,,,,,,,,,,
,,45403,DIPIMED 500MG/ML GTS 10ML,,,,MEDQUIMICA,2000/D,6,46,0,0,43,43,1,,1.64,70.52,,,,,,,,,,
,,88079,DIPIRONA 1G 30CP,,,,PRATI ,2000/,11,11,0,0,20,20,1,,8.74,174.8,,,,,,,,,,
,,43802,DORALGINA 20DRG,,,,NEO QUIMICA,2000/B,0,5,1,1,2,2,1,,9.68,19.36,,,,,,,,,,
,,58922,DORMEC 100MG ENV 10CP,,,,IMEC,2000/A,26,26,5,8,11,11,20,,0.6,6.6,,,,,,,,,,
,,44132,DORONA CAFI 500MG+65MG ENV 4CP,,,,NEO QUIMICA,2000/A,16,79,1,2,3,3,25,,1.75,5.25,,,,,,,,,,
,,39388,DORSANOL 200MG/ML GTS 15ML,,,,MULTILAB,2000/D,1,2,0,0,9,9,1,,2.42,21.78,,,,,,,,,,
,,22091,DOXAPROST 4MG 30CP,,,,UNIAO ,2000/,0,0,0,0,1,1,1,,6.06,6.06,,,,,,,,,,
,,52785,DRENOGRIP ENV 6CP,,,,BELFAR/ALTEFA,2000/A,33,33,9,13,9,9,25,,0.78,7.02,,,,,,,,,,
,,88125,ENERGRIP C 1G 10CP EFERV,,,,VITAMEDIC,2000/,8,8,0,0,1,1,1,,3.93,3.93,,,,,,,,,,
,,60178,ESCOPEN COMP 20CP REV,,,,PHARLAB,2000/A,0,0,2,3,6,6,1,,8.71,52.26,,,,,,,,,,
,,88398,EXOMUC XPE AD 120ML,,,,KRESS ,2000/,0,0,0,0,2,2,1,,15.39,30.78,,,,,,,,,,
,,21757,EXPEC XPE 120ML,,,,LEGRAND,2000/A,438,453,5,7,10,10,1,,19.23,192.3,,,,,,,,,,
,,88454,FARMADI A-Z HOMEM 60CAP,,,,AROMA BEM ,2000/,2,2,0,0,1,1,1,,19.99,19.99,,,,,,,,,,
,,88139,FARMADI CALCIO+VIT D3 60CAP,,,,AROMA BEM ,2000/,0,0,0,0,2,2,1,,19.74,39.48,,,,,,,,,,
,,88340,FARMADI FENO MAXX 60CAP,,,,AROMA BEM ,2000/,0,0,0,0,1,1,1,,31.7,31.7,,,,,,,,,,
,,88955,FARMADI FLORA 5BI 15CAP,,,,AROMA BEM ,2000/,2,2,0,0,1,1,1,,19.9,19.9,,,,,,,,,,
,,88399,FARMADI KIDS LIQ 240ML,,,,AROMA BEM ,2000/,2,2,0,0,1,1,1,,16.49,16.49,,,,,,,,,,
,,30875,FERRONIL 40MG 50CP REV,,,,TEUTO,2000/B,1,3,1,2,4,4,1,,6.45,25.8,,,,,,,,,,
,,43728,FLAVONID 450MG+50MG 30CP REV,,,,NEO QUIMICA,2000/A,0,2,2,2,2,2,1,,26.7,53.4,,,,,,,,,,
,,84772,FLEX ENEMA SOL RETAL 130ML,,,,AIRELA,2000/A,10,10,1,2,1,1,1,,13.08,13.08,,,,,,,,,,
,,44088,FLOMICIN 100MG 12CAP,,,,NEO QUIMICA,2000/A,0,3,2,3,1,1,1,,14.48,14.48,,,,,,,,,,
,,87152,FLORASTOR 1BILHAO PO 6SAC,,,,UNIAO ,2000/,4,4,0,0,2,2,1,,9.73,19.46,,,,,,,,,,
,,58197,FLORENT 200MG PO 4SAC 1G,,,,CIFARMA,2000/B,0,0,1,1,3,3,1,,10.3,30.9,,,,,,,,,,
,,52693,GARGOJUICE 3MG 12PAST,,,,BELFAR/ALTEFA,2000/,1,1,0,0,3,3,1,,6.31,18.93,,,,,,,,,,
,,84059,GASTROGEL 20CP MAST,,,,MEDQUIMICA,2000/A,2,4,1,2,1,1,1,,9.35,9.35,,,,,,,,,,
,,45416,GASTROGEL LIQ MENT 150ML,,,,MEDQUIMICA,2000/C,1,3,1,1,1,1,1,,16.1,16.1,,,,,,,,,,
,,88672,GASTROGERMINA 2BI 4FLAC 5ML,,,,AROMA BEM ,2000/,-1,0,0,0,1,1,1,,17.59,17.59,,,,,,,,,,
,,49504,GELO-BIO AER 60ML,,,,UNIAO ,2000/,0,0,0,0,1,1,1,,9.79,9.79,,,,,,,,,,
,,76630,GINO COLON CR VAG 7APL 45G,,,,GEOLAB,2000/A,1,1,2,3,3,3,1,,14.27,42.81,,,,,,,,,,
,,55923,GRIPALCE 20CAP,,,,BRASTERAPICA,2000/A,18,18,4,5,2,2,1,,5.66,11.32,,,,,,,,,,
,,45370,GRIPINEW ENV 6CP REV,,,,MEDQUIMICA,2000/D,0,0,0,0,1,1,25,,1.97,1.97,,,,,,,,,,
,,30785,HELMIZOL 250MG 20CP,,,,TEUTO,2000/A,3,6,2,3,1,1,1,,4.33,4.33,,,,,,,,,,
,,30701,HELMIZOL 400MG 24CP,,,,TEUTO,2000/A,4,4,2,2,1,1,1,,8.55,8.55,,,,,,,,,,
,,54862,HEPATOVIT ABACAXI FLAC 10ML,,,,VITAMEDIC,2000/A,44,44,8,12,5,5,60,,0.68,3.4,,,,,,,,,,
,,85692,"HIDRALI 45 NAT 4ENV 27,9G",,,,AIRELA,2000/A,0,0,2,2,2,2,1,,8.78,17.56,,,,,,,,,,
,,88940,"HIDRAVITA NAT 4SAC 27,9G",,,,NATIVITA IND ,2000/,2,2,0,0,4,4,1,,7.89,31.56,,,,,,,,,,
,,85226,HIDROXIDO DE ALUM HOR 100ML,,,,AIRELA,2000/B,1,1,1,1,2,2,1,,6.93,13.86,,,,,,,,,,
,,43959,HISTAMIN 10MG/G CR DERM 30G,,,,NEO QUIMICA,2000/B,0,4,1,1,2,2,1,,9.46,18.92,,,,,,,,,,
,,21572,IBUFLEX 400MG 4CAP GEL,,,,LEGRAND,2000/A,20,48,3,5,5,5,10,,3.16,15.8,,,,,,,,,,
,,30995,IBUPRIL 400MG 10CAP GEL,,,,TEUTO,2000/A,6,10,2,3,4,4,1,,5.49,21.96,,,,,,,,,,
,,20310,INFRALAX 30CP,,,,EMS,2000/A,1,1,3,4,2,2,1,,9.52,19.04,,,,,,,,,,
,,21064,INFRALAX C/ 15 CP,,,,EMS,2000/D,4,6,0,0,3,3,1,,4.32,12.96,,,,,,,,,,
,,54729,JALAPA D1 GTS 30ML,,,,LAPON ,2000/A,5,5,4,6,3,3,1,,2.88,8.64,,,,,,,,,,
,,84718,JALAPA D1 LIQ 100ML,,,,LAPON ,2000/A,4,4,1,1,2,2,1,,7.75,15.5,,,,,,,,,,
,,89025,KAODINE 5% LOC 60ML,,,,GEOLAB,2000/,0,0,0,0,3,3,1,,8.4,25.2,,,,,,,,,,
,,53063,LAVITAN A-Z MULHER 60CP REV,,,,CIMED,2000/A,9,9,1,2,2,2,1,,13.11,26.22,,,,,,,,,,
,,53276,LAVITAN KIDS TUT FR LIQ 240ML,,,,CIMED,2000/A,5,5,1,2,1,1,1,,8.99,8.99,,,,,,,,,,
,,53251,LAVITAN MAIS HAIR 60CAP,,,,CIMED,2000/B,9,9,1,1,1,1,1,,9.83,9.83,,,,,,,,,,
,,34723,LEITE DE MAG ADV TRAD 100ML,,,,ADV,2000/B,3,3,1,1,3,3,1,,5.28,15.84,,,,,,,,,,
,,84002,LEITE DE MAG MAGM HORT 100ML,,,,AIRELA,2000/D,0,0,0,0,2,2,1,,4.38,8.76,,,,,,,,,,
,,88294,LEITE DE MAG UNIPHAR TRAD 120M,,,,UNIPHAR,2000/,5,5,0,0,1,1,1,,5.28,5.28,,,,,,,,,,
,,30740,LEXIN 500MG 10CP,,,,TEUTO,2000/A,6,6,3,4,3,3,1,,8.35,25.05,,,,,,,,,,
,,30790,LOZAN 200MG 30CP,,,,TEUTO,2000/,1,1,0,0,1,1,1,,11.57,11.57,,,,,,,,,,
,,44162,MASSAGEOL AER 120ML,,,,NEO QUIMICA,2000/A,2,5,4,5,3,3,1,,17.32,51.96,,,,,,,,,,
,,86007,MELATONINA MAR GTS 30ML,,,,NEO QUIMICA,2000/B,-1,4,1,1,2,2,1,,19.31,38.62,,,,,,,,,,
,,57465,MICONAZOL 20MG/G CR DERM 28G,,,,PRATI ,2000/,4,4,0,0,3,3,1,,5.47,16.41,,,,,,,,,,
,,86773,MICONAZOL CR VAG 14APL 80G,,,,NATIVITA IND ,2000/,2,2,0,0,1,1,1,,12.88,12.88,,,,,,,,,,
,,16495,MICOPLEX 50MG+5MG/G POM 45G,,,,CAZI,2000/,0,0,0,0,1,1,1,,20.83,20.83,,,,,,,,,,
,,31091,NAPROX 500MG 10CP,,,,TEUTO,2000/A,-1,4,2,3,12,12,1,,5.48,65.76,,,,,,,,,,
,,21744,NARIDRIN GTS NAS AD 15ML,,,,EMS,2000/B,2,5,1,1,1,1,1,,7.12,7.12,,,,,,,,,,
,,85061,"NASONEW 0,9% SPR 50ML",,,,AIRELA,2000/D,5,5,0,0,2,2,1,,6.53,13.06,,,,,,,,,,
,,43907,NEOCOFLAN AER TOP 85ML,,,,NEO QUIMICA,2000/A,3,5,2,2,1,1,1,,14.22,14.22,,,,,,,,,,
,,87098,NEOCOPAN COMP GTS 10ML,,,,UNIAO ,2000/,1,1,0,0,1,1,1,,7.82,7.82,,,,,,,,,,
,,86335,NEOGERMINA 2BILHOES 10FLAC 5ML,,,,NEO QUIMICA,2000/B,14,16,1,1,1,1,1,,25,25,,,,,,,,,,
,,86368,NEOGERMINA 4BILHOES 5FLAC 5ML,,,,NEO QUIMICA,2000/C,6,8,1,1,1,1,1,,25.3,25.3,,,,,,,,,,
,,44099,NEOLEFRIN XPE 60ML,,,,NEO QUIMICA,2000/A,3,7,2,2,4,4,1,,9.29,37.16,,,,,,,,,,
,,44149,NEOPIRIDIN SPR 50ML,,,,NEO QUIMICA,2000/C,3,5,1,1,1,1,1,,13.11,13.11,,,,,,,,,,
,,44003,"NEOSORO 0,5MG/ML GTS NAS 30ML",,,,NEO QUIMICA,2000/A,-7,30,18,27,23,23,1,,3.95,90.85,,,,,,,,,,
,,34699,OLEO MINERAL LIQ 100ML,,,,ADV,2000/,3,3,0,0,3,3,1,,8.8,26.4,,,,,,,,,,
,,20949,ONCILEG A 1MG/G POM BUC 10G,,,,LEGRAND,2000/A,3,3,2,3,1,1,1,,5.26,5.26,,,,,,,,,,
,,20392,OTOMIXYN SOL OTOL 5ML,,,,EMS,2000/D,5,6,0,0,3,3,1,,3.64,10.92,,,,,,,,,,
,,61298,PANTOVIT ABACAXI FLAC 10ML,,,,ARTE NATIVA,2000/A,-26,60,9,13,4,4,60,,0.48,1.92,,,,,,,,,,
,,86975,PARACETAMOL 500MG ENV 10CP REV,,,,PRATI ,2000/,89,89,0,0,3,3,50,,1.96,5.88,,,,,,,,,,
,,87261,PARACETAMOL 750MG 20CP REV,,,,PRATI ,2000/,17,17,0,0,3,3,1,,2.54,7.62,,,,,,,,,,
,,86361,PARACETAMOL 750MG ENV 10CP REV,,,,PRATI ,2000/C,52,52,1,1,4,4,50,,2.34,9.36,,,,,,,,,,
,,34689,PASTA D AGUA SIMPLES CR 135G,,,,ADV,2000/,2,2,0,0,3,3,1,,9.02,27.06,,,,,,,,,,
,,85374,PEPTINON 30CP REV,,,,ARTE NATIVA,2000/B,6,6,1,1,5,5,1,,11.71,58.55,,,,,,,,,,
,,21838,PERFENOL 20CAP,,,,UNIAO ,2000/,153,153,0,0,21,21,1,,4.36,91.56,,,,,,,,,,
,,82293,PERMANG DE POT 100MG 30CP,,,,ADV,2000/,2,2,0,0,2,2,1,,7.73,15.46,,,,,,,,,,
,,52406,PERMENATI 10MG/ML LOC 60,,,,NATIVITA IND ,2000/D,3,9,0,0,1,1,1,,6.06,6.06,,,,,,,,,,
,,52427,PERMENATI 5% LOC CREM 60ML,,,,NATIVITA IND ,2000/D,0,6,0,0,3,3,1,,7.86,23.58,,,,,,,,,,
,,84560,PETIVIT BC XPE 240ML,,,,BRASTERAPICA,2000/A,6,6,1,2,1,1,1,,9.84,9.84,,,,,,,,,,
,,52720,PLABEL 10 MG C/ 20 CP,,,,BELFAR/ALTEFA,2000/A,0,1,2,3,1,1,1,,4.29,4.29,,,,,,,,,,
,,43939,PLESONAX 5MG ENV 4CP REV,,,,NEO QUIMICA,2000/,23,23,0,0,2,2,25,,1.12,2.24,,,,,,,,,,
,,56977,"POLARADEX 0,4MG/ML XPE 100ML",,,,NATULAB ,2000/D,5,5,0,0,1,1,1,,5.59,5.59,,,,,,,,,,
,,21376,POLICLAVUMOXIL 875+125MG 14CP,,,,MULTILAB,2000/B,3,3,1,1,1,1,1,,43.46,43.46,,,,,,,,,,
,,88525,PONDICILINA LAR 12PAST,,,,UNIAO ,2000/,1,1,0,0,1,1,1,,5.85,5.85,,,,,,,,,,
,,21860,PONDICILINA MENTA 12PAST,,,,UNIAO ,2000/,3,3,0,0,1,1,1,,5.85,5.85,,,,,,,,,,
,,86938,"POSLOV 1,5MG 1CP",,,,MABRA,2000/,-4,7,0,0,4,4,1,,1.2,4.8,,,,,,,,,,
,,57482,PRATIDERM POM DERM 60G,,,,PRATI ,2000/,2,2,0,0,7,7,1,,9.55,66.85,,,,,,,,,,
,,18663,PREDSIGMA 20MG 10CP,,,,MULTILAB,2000/D,2,6,0,0,4,4,1,,5.55,22.2,,,,,,,,,,
,,30914,PROFERGAN 25MG 20CP REV,,,,TEUTO,2000/A,5,11,1,2,2,2,1,,3.6,7.2,,,,,,,,,,
,,52416,PROFIG ABA FLAC 10ML,,,,NATIVITA IND ,2000/,27,27,0,0,6,6,60,,0.59,3.54,,,,,,,,,,
,,52743,PROMERGAN 20MG/G CR DERM 30G,,,,BELFAR/ALTEFA,2000/C,4,8,1,1,2,2,1,,8.34,16.68,,,,,,,,,,
,,37225,"RAPILAX 7,5MG/ML GTS 30ML",,,,KLEY HERTZ,2000/A,1,1,3,5,1,1,1,,11.48,11.48,,,,,,,,,,
,,86550,REDRALITE GUAR LIQ 480ML,,,,KRESS ,2000/,5,5,0,0,2,2,1,,7.99,15.98,,,,,,,,,,
,,86556,REDRALITE KIDS MOR LIQ 480ML,,,,KRESS ,2000/,0,0,0,0,2,2,1,,9.88,19.76,,,,,,,,,,
,,86552,REDRALITE MELAN LIQ 480ML,,,,KRESS ,2000/,0,0,0,0,4,4,1,,9.88,39.52,,,,,,,,,,
,,86553,REDRALITE TAN LIQ 480ML,,,,KRESS ,2000/,2,2,0,0,2,2,1,,9.88,19.76,,,,,,,,,,
,,87070,REHIDRALIN AG COC PO 4ENV 28G,,,,MAXINUTRI,2000/,2,2,0,0,3,3,1,,9.05,27.15,,,,,,,,,,
,,87072,REHIDRALIN NAT PO 4ENV 28G,,,,MAXINUTRI,2000/,4,4,0,0,4,4,1,,9.05,36.2,,,,,,,,,,
,,87069,REHIDRALIN UVA PO 4ENV 28G,,,,MAXINUTRI,2000/,4,4,0,0,2,2,1,,8.02,16.04,,,,,,,,,,
,,20701,REPOFLOR 200MG PED 4ENV 1G,,,,LEGRAND,2000/A,8,8,2,2,2,2,1,,15.29,30.58,,,,,,,,,,
,,54092,RESFEDRYL MEL/LIMAO PO ENV 5G,,,,PHARMASCIENC,2000/B,18,18,1,1,14,14,50,,1.77,24.78,,,,,,,,,,
,,86378,RESFEGRIPE 20CAP,,,,MULTILAB,2000/,35,68,0,0,1,1,1,,5.27,5.27,,,,,,,,,,
,,86407,RESFEGRIPE ENV 10CAP,,,,MULTILAB,2000/,29,29,0,0,3,3,20,,3.06,9.18,,,,,,,,,,
,,76697,RESFRILIV HO/GE PO ENV 5G,,,,GEOLAB,2000/C,15,161,0,0,12,12,50,,1.25,15,,,,,,,,,,
,,76699,RESFRILIV ME/LI PO ENV 5G,,,,GEOLAB,2000/A,23,103,22,32,24,24,50,,1.18,28.32,,,,,,,,,,
,,88505,RETIXIUM LIMAO 30SAC 5G,,,,KRESS ,2000/,0,0,0,0,1,1,1,,59.9,59.9,,,,,,,,,,
,,20289,RIFASAN 10MG/ML SPR 20ML,,,,EMS,2000/,16,16,0,0,3,3,1,,8.51,25.53,,,,,,,,,,
,,54933,SAB BENZIN 100MG/G 60G,,,,GLOBO,2000/,0,4,0,0,1,1,1,,6.17,6.17,,,,,,,,,,
,,57006,SEAKALM 260MG 20CP,,,,NATULAB ,2000/A,2,6,2,2,1,1,1,,21.05,21.05,,,,,,,,,,
,,87437,SEAKALM MELATONINA 90CP MAST,,,,NATULAB ,2000/,1,1,0,0,1,1,1,,16.75,16.75,,,,,,,,,,
,,85631,SIMETICONA 125MG 10CAP MOLE,,,,MEDQUIMICA,2000/D,0,0,0,0,1,1,1,,3.42,3.42,,,,,,,,,,
,,30760,SIMETICONA 125MG 10CAP MOLE,,,,TEUTO,2000/B,7,15,1,1,1,1,1,,3.2,3.2,,,,,,,,,,
,,86749,SIMETICONA 75MG/ML GTS 15ML,,,,AIRELA,2000/,48,73,0,0,23,23,1,,2.02,46.46,,,,,,,,,,
,,76560,SODIX 50MG 20CP REV,,,,GEOLAB,2000/D,1,2,0,0,5,5,1,,2.86,14.3,,,,,,,,,,
,,84006,STOMALIV PO EFERV ABAC 1UN 5G,,,,GEOLAB,2000/A,50,100,11,16,10,10,50,,0.78,7.8,,,,,,,,,,
,,85656,STOMALIV PO EFERV GUAR 1UN 5G,,,,GEOLAB,2000/A,32,89,5,7,5,5,50,,0.62,3.1,,,,,,,,,,
,,85256,SULFERMAX 125MG/ML GTS 30ML,,,,AIRELA,2000/B,2,2,1,1,1,1,1,,3.03,3.03,,,,,,,,,,
,,88622,SULPH 10MG/G CR DERM 50G,,,,PRATI ,2000/,-3,0,0,0,3,3,1,,11.75,35.25,,,,,,,,,,
,,37234,SUPRA D 200UI GTS L3P2 20ML,,,,KLEY HERTZ,2000/,1,1,0,0,1,1,1,,15.84,15.84,,,,,,,,,,
,,84100,TANDENE 15CP,,,,DELTA ,2000/A,0,2,2,2,3,3,1,,3.78,11.34,,,,,,,,,,
,,22054,TANDRIFLAN 30CP,,,,UNIAO ,2000/,3,3,0,0,2,2,1,,9.29,18.58,,,,,,,,,,
,,45429,TETRAMED 500MG 10CAP,,,,MEDQUIMICA,2000/A,3,13,2,3,1,1,10,,4.56,4.56,,,,,,,,,,
,,45423,TETRAMED 500MGC 4CAP,,,,MEDQUIMICA,2000/A,4,29,2,3,1,1,25,,1.97,1.97,,,,,,,,,,
,,86376,TIABENDAZOL 50MG/G POM 30G,,,,NATIVITA IND ,2000/,2,2,0,0,1,1,1,,9.04,9.04,,,,,,,,,,
,,22211,TOPCOID 5MG/G GEL DERM 40G,,,,UNIAO ,2000/,4,4,0,0,3,3,1,,24.69,74.07,,,,,,,,,,
,,43671,TORSILAX 30CP,,,,NEO QUIMICA,2000/A,5,9,3,5,4,4,1,,11.23,44.92,,,,,,,,,,
,,44105,TORSILAX ENV 10CP,,,,NEO QUIMICA,2000/A,26,46,11,16,7,7,20,,3.7,25.9,,,,,,,,,,
,,44104,TORSILAX ENV 4CP,,,,NEO QUIMICA,2000/A,97,327,10,15,7,7,25,,1.49,10.43,,,,,,,,,,
,,85762,TORSILAX ENV 4CP,,,,NEO QUIMICA,2000/A,-90,0,10,15,8,8,25,,1.18,9.44,,,,,,,,,,
,,76594,TRINODAZOL GEL VAG 50G,,,,GEOLAB,2000/D,0,0,0,0,1,1,1,,9.46,9.46,,,,,,,,,,
,,55918,TYFLEN BEBE 100MG/ML LIQ 15ML,,,,BRASTERAPICA,2000/D,1,13,0,0,1,1,1,,4.48,4.48,,,,,,,,,,
,,55919,TYFLEN CRI 32MG/ML LIQ 60ML,,,,BRASTERAPICA,2000/D,4,7,0,0,2,2,1,,4.48,8.96,,,,,,,,,,
,,88960,UNIQ B12 LAR SPR 30ML,,,,KRESS ,2000/,0,0,0,0,2,2,1,,14.99,29.98,,,,,,,,,,
,,88715,UNIQ B12 MACA VERDE C/ 60 COMP,,,,,2000/,0,2,0,0,1,1,1,,25.13,25.13,,,,,,,,,,
,,76783,VALYANNE 50MG 20CP REV,,,,GEOLAB,2000/C,0,3,1,1,1,1,1,,6.01,6.01,,,,,,,,,,
,,54336,VIOLETA GENC 1% LIQ 30ML,,,,UNIPHAR,2000/A,6,10,4,5,6,6,1,,3.47,20.82,,,,,,,,,,
,,84143,VITAMINA C 200MG/ML GTS 20ML,,,,ARTE NATIVA,2000/D,3,3,0,0,1,1,1,,3.77,3.77,,,,,,,,,,
,,87683,VITAMINA D3 2.000UI 30CP,,,,NUTIVIT,2000/,0,0,0,0,2,2,1,,7.69,15.38,,,,,,,,,,
,,87212,VITAMINAS NEO QUIM OMEGA 3 60C,,,,NEO QUIMICA,2000/,2,2,0,0,1,1,1,,15.78,15.78,,,,,,,,,,
,,88706,ZALERV 5MG 10CP REV,,,,KLEY HERTZ,2000/,0,0,0,0,1,1,1,,10.76,10.76,,,,,,,,,,
,,88943,"ZINQUA BIO 2MG/0,5ML LIQ 100ML",,,,AIRELA,2000/,0,0,0,0,1,1,1,,12.23,12.23,,,,,,,,,,
,,Total Grupo:,,,,,,,,,,,,,,4591.13,,,,,,,,,,,,
,,Total Fornecedor:,,,,,,,,,,,,,,16271.34,,,,,,,,,,,,
,,Total Filial:,,,,,,,,,,,,,,16271.34,,,,,,,,,,,,
,,Total Geral:,,,,,,,,,,,,,,16271.34,,,,,,,,,,,,
,,LEGENDA:,,,,,,,,,,,,,,,,,,,,,,,,,,
,,P = Promoção de Venda,,,,,,,,,,,,,,,,,,,,,,,,,,
,,Saldo Estoq = Estoque das filiais referente as opções selecionadas no relatório.,,,,,,,,,,,,,,,,,,,,,,,,,,
,,Descrição completa Seleção I: ,,,,,,,,,,,,,,,,,,,,,,,,,,
,,,,,,,,,,,,,,,,,,,,,,,,,,,,
,,,,,,,,,,,,,,,,,,,Página 1,,,,,,de,,1,
